supply_source,domain,app_name,environment,device_type,line_item_type,creative_size,impressions,viewable_impressions,measurable_impressions,clicks,total_spend_usd,viewability,measurability,ctr,ecpm_usd,vcpm_usd,ecpc_usd,viewable_impressions_est,quality_score,cost_efficiency_score,iab_category,iab_category_secondary,content_type,audience_profile,geo_focus,country_focus,language,brand_safety_risk,is_app,publisher_tier
kidoz,apple.com,Eatventure,In-app,Mobile,VIDEO,1920x1080,1399,1381,1385,18,12.205,0.9971,0.99,0.0129,8.724,8.838,0.678,1395,0.9955,0.1126,IAB9 - Hobbies & Interests,IAB8 - Food & Drink,gaming,mass_reach,global,GLOBAL,en,low,true,mid-tier
adx,instyle.com,,Web,Mobile,DISPLAY,320x50,1063,1028,1042,5,0.5733,0.9866,0.9802,0.0047,0.539,0.558,0.115,1049,0.9874,1.7695,IAB18 - Style & Fashion,IAB1 - Arts & Entertainment,entertainment,young_adults,global,US;GLOBAL,en,low,false,mid-tier
kidoz,google.com,Stumble Guys,In-app,Mobile,VIDEO,1920x1080,1319,1277,1307,80,11.5071,0.977,0.9909,0.0607,8.724,9.011,0.144,1289,0.9858,0.1094,IAB9 - Hobbies & Interests,,gaming,young_adults,global,GLOBAL,en,low,true,premium
pubmatic,independent.co.uk,,Web,Mobile,DISPLAY,970x250,1869,1797,1840,6,7.6478,0.9766,0.9845,0.0032,4.092,4.256,1.275,1825,0.9836,0.2311,IAB12 - News / Current Events,,news,mass_reach,national,GB,en,low,false,premium
kidoz,google.com,My Talking Angela 2,In-app,Mobile,VIDEO,1920x1080,1372,1299,1337,94,11.9694,0.9716,0.9745,0.0685,8.724,9.214,0.127,1333,0.9782,0.1062,IAB9 - Hobbies & Interests,,gaming,young_adults,global,GLOBAL,en,low,true,premium
pubmatic,revistagente.com,,Web,Mobile,DISPLAY,970x250,2516,2375,2456,15,1.2561,0.967,0.9762,0.006,0.499,0.529,0.084,2433,0.9764,1.8457,IAB1 - Arts & Entertainment,IAB18 - Style & Fashion,entertainment,young_adults,regional,BR;PT,pt,medium,false,long-tail
rp,revistagente.com,,Web,Mobile,DISPLAY,970x250,9310,8779,9091,54,2.9795,0.9657,0.9765,0.0058,0.32,0.339,0.055,8991,0.9758,2.8785,IAB1 - Arts & Entertainment,IAB18 - Style & Fashion,entertainment,young_adults,regional,BR;PT,pt,medium,false,long-tail
rp,musicca.com,,Web,Mobile,DISPLAY,970x250,7118,6722,7018,86,9.506,0.9578,0.986,0.0121,1.335,1.414,0.111,6818,0.9747,0.6893,IAB1 - Arts & Entertainment,IAB5 - Education,education,students,global,GLOBAL,en,low,false,long-tail
adx,dailymail.co.uk,,Web,Desktop,DISPLAY,160x600,1480,1386,1460,4,1.2941,0.9493,0.9865,0.0027,0.874,0.934,0.324,1405,0.9706,1.0392,IAB12 - News / Current Events,IAB1 - Arts & Entertainment,news,mass_reach,national,GB,en,medium,false,premium
kidoz,google.com,Bubble Pop Dream: Bubble Shoot,In-app,Mobile,VIDEO,1920x1080,1277,1179,1219,25,11.1407,0.9672,0.9546,0.0196,8.724,9.449,0.446,1235,0.97,0.1027,IAB9 - Hobbies & Interests,,gaming,mass_reach,global,GLOBAL,en,low,true,mid-tier
adx,dailymail.co.uk,,Web,Mobile,DISPLAY,320x50,7745,7171,7468,219,51.8604,0.9602,0.9642,0.0283,6.696,7.232,0.237,7437,0.9694,0.134,IAB12 - News / Current Events,IAB1 - Arts & Entertainment,news,mass_reach,national,GB,en,medium,false,premium
rp,vsco.co,,Web,Mobile,DISPLAY,728x90,1642,1513,1564,4,0.9348,0.9674,0.9525,0.0024,0.569,0.618,0.234,1588,0.9694,1.5687,IAB1 - Arts & Entertainment,IAB18 - Style & Fashion,social,young_adults,global,GLOBAL,en,low,false,mid-tier
pubmatic,dailymail.co.uk,,Web,Desktop,DISPLAY,160x600,2664,2534,2637,5,1.5777,0.9609,0.9899,0.0019,0.592,0.623,0.316,2560,0.9674,1.5528,IAB12 - News / Current Events,IAB1 - Arts & Entertainment,news,mass_reach,national,GB,en,medium,false,premium
rp,independent.co.uk,,Web,Mobile,DISPLAY,970x250,5327,4926,5238,16,12.508,0.9404,0.9833,0.003,2.348,2.539,0.782,5010,0.9652,0.3801,IAB12 - News / Current Events,,news,mass_reach,national,GB,en,low,false,premium
adxbr,em.com.br,,Web,Mobile,DISPLAY,320x50,1226,1131,1209,19,2.7066,0.9355,0.9861,0.0155,2.208,2.393,0.142,1147,0.9636,0.4027,IAB12 - News / Current Events,,news,mass_reach,national,BR,pt,low,false,mid-tier
rp,vsco.co,,Web,Mobile,DISPLAY,970x250,28773,26242,27620,187,29.1206,0.9501,0.9599,0.0065,1.012,1.11,0.156,27337,0.963,0.8676,IAB1 - Arts & Entertainment,IAB18 - Style & Fashion,social,young_adults,global,GLOBAL,en,low,false,mid-tier
rp,ohmymag.com,,Web,Mobile,DISPLAY,300x600,1965,1792,1908,18,3.2303,0.9392,0.971,0.0092,1.644,1.803,0.179,1846,0.9609,0.5329,IAB1 - Arts & Entertainment,IAB18 - Style & Fashion,entertainment,young_adults,regional,FR;BE,fr,medium,false,mid-tier
pubmatic,stokesentinel.co.uk,,Web,Mobile,DISPLAY,970x250,1248,1134,1210,5,1.5024,0.9372,0.9696,0.004,1.204,1.325,0.3,1170,0.9595,0.7241,IAB12 - News / Current Events,,news,mass_reach,local,GB,en,low,false,long-tail
adx,plejada.pl,,Web,Mobile,DISPLAY,320x100,4175,3730,3960,50,12.5271,0.9419,0.9485,0.012,3.0,3.358,0.251,3932,0.9555,0.2845,IAB1 - Arts & Entertainment,IAB18 - Style & Fashion,entertainment,young_adults,national,PL,pl,medium,false,mid-tier
kidoz,google.com,Klondike Adventures: Farm Game,In-app,Mobile,VIDEO,1920x1080,3830,3253,3313,66,33.4132,0.9819,0.865,0.0172,8.724,10.272,0.506,3761,0.9505,0.0925,IAB9 - Hobbies & Interests,,gaming,mass_reach,global,GLOBAL,en,low,true,mid-tier
pubmatic,pudelek.pl,,Web,Mobile,DISPLAY,320x50,3386,2969,3222,15,2.2328,0.9215,0.9516,0.0044,0.659,0.752,0.149,3120,0.9462,1.2583,IAB1 - Arts & Entertainment,IAB18 - Style & Fashion,entertainment,young_adults,national,PL,pl,medium,false,mid-tier
rp,onet.pl,,Web,Mobile,DISPLAY,320x100,4970,4378,4853,15,4.3941,0.9021,0.9765,0.003,0.884,1.0032,0.235,4484,0.944,0.941,IAB12 - News / Current Events,IAB1 - Arts & Entertainment,news,mass_reach,national,PL,pl,low,false,premium
rp,dailymail.co.uk,,Web,Mobile,DISPLAY,320x50,2010,1765,1955,4,2.7877,0.9028,0.9726,0.002,1.387,1.579,0.697,1815,0.9432,0.5973,IAB12 - News / Current Events,IAB1 - Arts & Entertainment,news,mass_reach,national,GB,en,medium,false,premium
index,thegearpage.net,,Web,Mobile,DISPLAY,320x50,1257,1207,1248,2,0.683,0.9671,0.9928,0.0016,0.543,0.566,0.342,1216,0.9414,1.6632,IAB9 - Hobbies & Interests,IAB1 - Arts & Entertainment,entertainment,mass_reach,global,GLOBAL,en,low,false,long-tail
adx,gazeta.pl,,Web,Mobile,DISPLAY,320x100,2941,2519,2739,12,1.6827,0.9194,0.9313,0.0041,0.5721,0.6655,0.0991,2704,0.9391,1.4112,IAB12 - News / Current Events,,news,mass_reach,national,PL,pl,low,false,premium
pubmatic,wattpad.com,,Web,Desktop,DISPLAY,300x600,4755,4148,4704,15,4.8183,0.8818,0.9893,0.0032,1.013,1.162,0.321,4193,0.9377,0.807,IAB9 - Hobbies & Interests,IAB1 - Arts & Entertainment,entertainment,young_adults,global,GLOBAL,en,medium,false,mid-tier
pubmatic,dailymail.co.uk,,Web,Mobile,DISPLAY,320x100,15207,13193,14839,40,13.8459,0.8891,0.9758,0.0026,0.91,1.049,0.346,13521,0.9373,0.8935,IAB12 - News / Current Events,IAB1 - Arts & Entertainment,news,mass_reach,national,GB,en,medium,false,premium
index,pudelek.pl,,Web,Mobile,DISPLAY,320x50,1470,1259,1386,8,1.0464,0.9084,0.9429,0.0054,0.712,0.831,0.131,1335,0.9371,1.1276,IAB1 - Arts & Entertainment,IAB18 - Style & Fashion,entertainment,young_adults,national,PL,pl,medium,false,mid-tier
adx,goniec.pl,,Web,Mobile,DISPLAY,320x100,1701,1450,1591,7,1.1529,0.9114,0.9353,0.0041,0.678,0.795,0.165,1550,0.9363,1.1777,IAB12 - News / Current Events,,news,mass_reach,national,PL,pl,medium,false,long-tail
rp,wp.pl,,Web,Mobile,DISPLAY,320x100,10889,9354,10519,42,11.0259,0.8892,0.966,0.0038,1.0129,1.1793,0.2551,9682,0.9344,0.7924,IAB12 - News / Current Events,IAB1 - Arts & Entertainment,news,mass_reach,national,PL,pl,low,false,premium
adx,wnp.pl,,Web,Mobile,DISPLAY,320x100,1446,1236,1400,7,0.784,0.8829,0.9682,0.0048,0.542,0.634,0.112,1277,0.9319,1.4699,IAB3 - Business,IAB13 - Personal Finance,business,professionals,national,PL,pl,low,false,mid-tier
adxbr,cartacapital.com.br,,Web,Mobile,DISPLAY,320x100,3694,3165,3629,30,4.4648,0.8721,0.9824,0.0081,1.209,1.411,0.149,3222,0.9308,0.6597,IAB12 - News / Current Events,"IAB11 - Law, Government & Politics",news,professionals,national,BR,pt,low,false,mid-tier
index,wp.pl,,Web,Mobile,DISPLAY,320x100,13296,11250,12668,83,14.8668,0.888,0.9528,0.0062,1.1179,1.3215,0.1795,11807,0.9298,0.7036,IAB12 - News / Current Events,IAB1 - Arts & Entertainment,news,mass_reach,national,PL,pl,low,false,premium
adx,onet.pl,,Web,Mobile,DISPLAY,320x100,8506,7129,7920,79,9.964,0.8995,0.9311,0.0093,1.1713,1.3991,0.1263,7652,0.9291,0.664,IAB12 - News / Current Events,IAB1 - Arts & Entertainment,news,mass_reach,national,PL,pl,low,false,premium
adx,fakt.pl,,Web,Mobile,DISPLAY,320x100,4267,3578,3992,44,6.899,0.8963,0.9356,0.0103,1.617,1.928,0.157,3825,0.9288,0.4818,IAB12 - News / Current Events,IAB1 - Arts & Entertainment,news,mass_reach,national,PL,pl,medium,false,mid-tier
kidoz,apple.com,Toon Blast,In-app,Mobile,VIDEO,1920x1080,7834,5939,5941,379,68.3444,0.9997,0.7584,0.0484,8.724,11.508,0.18,7832,0.9274,0.0806,IAB9 - Hobbies & Interests,,gaming,mass_reach,global,GLOBAL,en,low,true,premium
pubmatic,wp.pl,,Web,Mobile,DISPLAY,320x100,7694,6496,7412,48,9.3012,0.8765,0.9633,0.0062,1.2092,1.4275,0.1907,6744,0.9273,0.6496,IAB12 - News / Current Events,IAB1 - Arts & Entertainment,news,mass_reach,national,PL,pl,low,false,premium
adxbr,otempo.com.br,,Web,Mobile,DISPLAY,320x100,6877,5814,6730,27,3.9726,0.8639,0.9786,0.0039,0.578,0.683,0.147,5941,0.9255,1.3551,IAB12 - News / Current Events,,news,mass_reach,local,BR,pt,low,false,mid-tier
pubmatic,money.pl,,Web,Mobile,DISPLAY,320x100,2600,2171,2466,20,2.7039,0.8804,0.9485,0.0077,1.04,1.245,0.135,2289,0.9247,0.7428,IAB13 - Personal Finance,IAB3 - Business,finance,professionals,national,PL,pl,low,false,mid-tier
rp,fakt.pl,,Web,Mobile,DISPLAY,320x100,1897,1591,1822,8,2.2286,0.8732,0.9604,0.0043,1.1746,1.4002,0.2595,1656,0.9247,0.6604,IAB12 - News / Current Events,IAB1 - Arts & Entertainment,news,mass_reach,national,PL,pl,medium,false,mid-tier
index,o2.pl,,Web,Mobile,DISPLAY,320x100,3136,2593,2932,15,2.9996,0.8844,0.9349,0.0048,0.956,1.157,0.2,2773,0.9227,0.7975,IAB1 - Arts & Entertainment,IAB12 - News / Current Events,entertainment,young_adults,national,PL,pl,medium,false,mid-tier
index,thegearpage.net,,Web,Desktop,DISPLAY,728x90,1885,1585,1860,16,2.0022,0.8522,0.9867,0.0085,1.062,1.263,0.125,1606,0.9221,0.7301,IAB9 - Hobbies & Interests,IAB1 - Arts & Entertainment,entertainment,mass_reach,global,GLOBAL,en,low,false,long-tail
adx,echo-spherenet.com,,Web,Mobile,DISPLAY,320x50,1322,1224,1267,2,0.103,0.9661,0.9584,0.0015,0.078,0.084,0.052,1277,0.9206,10.9592,IAB8 - Food & Drink,IAB14 - Society & Culture,other,mass_reach,global,GLOBAL,en,high,false,long-tail
kidoz,google.com,My Perfect Hotel,In-app,Mobile,VIDEO,1920x1080,7415,5488,5547,33,64.6891,0.9894,0.7481,0.0045,8.724,11.787,1.96,7336,0.9191,0.078,IAB9 - Hobbies & Interests,,gaming,mass_reach,global,GLOBAL,en,low,true,mid-tier
index,pudelek.pl,,Web,Mobile,DISPLAY,320x100,11930,9819,11373,100,17.4092,0.8634,0.9533,0.0084,1.459,1.773,0.174,10300,0.9177,0.5176,IAB1 - Arts & Entertainment,IAB18 - Style & Fashion,entertainment,young_adults,national,PL,pl,medium,false,mid-tier
pubmatic,o2.pl,,Web,Mobile,DISPLAY,320x100,5789,4727,5448,27,5.8293,0.8676,0.9411,0.0047,1.0065,1.2307,0.2235,5023,0.9161,0.7444,IAB1 - Arts & Entertainment,IAB12 - News / Current Events,entertainment,young_adults,national,PL,pl,medium,false,mid-tier
pubmatic,thesun.co.uk,,Web,Mobile,DISPLAY,320x100,4574,4213,4440,7,5.0125,0.9489,0.9707,0.0015,1.096,1.19,0.716,4340,0.9157,0.7695,IAB12 - News / Current Events,IAB17 - Sports,news,mass_reach,national,GB,en,medium,false,premium
pubmatic,sky.com,,Web,Mobile,DISPLAY,320x50,2310,2221,2273,3,1.3467,0.9771,0.984,0.0013,0.583,0.606,0.449,2257,0.9138,1.5078,IAB1 - Arts & Entertainment,IAB17 - Sports,streaming,mass_reach,national,GB,en,low,false,premium
pubmatic,pudelek.pl,,Web,Mobile,DISPLAY,320x100,47392,38629,45113,447,58.5044,0.8563,0.9519,0.0094,1.234,1.515,0.131,40582,0.9137,0.6031,IAB1 - Arts & Entertainment,IAB18 - Style & Fashion,entertainment,young_adults,national,PL,pl,medium,false,mid-tier
pubmatic,rynekzdrowia.pl,,Web,Mobile,DISPLAY,320x100,1397,1149,1370,20,4.5755,0.8387,0.9807,0.0143,3.275,3.982,0.229,1172,0.9136,0.2294,IAB7 - Health & Fitness,IAB3 - Business,health,professionals,national,PL,pl,low,false,mid-tier
kidoz,apple.com,Toy Blast,In-app,Mobile,VIDEO,1920x1080,6077,4313,4320,283,53.0162,0.9984,0.7109,0.0466,8.724,12.292,0.187,6067,0.9125,0.0742,IAB9 - Hobbies & Interests,,gaming,mass_reach,global,GLOBAL,en,low,true,premium
pubmatic,jastrzabpost.pl,,Web,Mobile,DISPLAY,320x100,3616,2906,3355,35,6.3901,0.8662,0.9278,0.0097,1.7668,2.1984,0.1879,3132,0.9114,0.4146,IAB1 - Arts & Entertainment,IAB12 - News / Current Events,entertainment,young_adults,national,PL,pl,medium,false,mid-tier
adx,thesun.co.uk,,Web,Mobile,DISPLAY,300x250,7873,6762,7457,13,7.0984,0.9068,0.9472,0.0017,0.902,1.05,0.546,7139,0.9076,0.8643,IAB12 - News / Current Events,IAB17 - Sports,news,mass_reach,national,GB,en,medium,false,premium
index,jastrzabpost.pl,,Web,Mobile,DISPLAY,320x100,1995,1588,1863,16,2.9108,0.8524,0.9338,0.0081,1.4588,1.833,0.196,1701,0.9064,0.4945,IAB1 - Arts & Entertainment,IAB12 - News / Current Events,entertainment,young_adults,national,PL,pl,medium,false,mid-tier
adxbr,campograndenews.com.br,,Web,Mobile,DISPLAY,320x100,2919,2339,2852,45,6.5595,0.8201,0.9771,0.0154,2.2476,2.8099,0.146,2394,0.9032,0.3214,IAB12 - News / Current Events,,news,mass_reach,local,BR,pt,low,false,long-tail
adxbr,correio24horas.com.br,,Web,Mobile,DISPLAY,320x50,4144,3322,4067,16,2.0213,0.8168,0.9814,0.0039,0.488,0.608,0.126,3385,0.9028,1.4849,IAB12 - News / Current Events,,news,mass_reach,local,BR,pt,low,false,mid-tier
adx,theguardian.com,,Web,Mobile,DISPLAY,300x250,6091,4821,5995,12,8.46,0.8042,0.9842,0.002,1.389,1.755,0.705,4898,0.8974,0.5113,IAB12 - News / Current Events,"IAB11 - Law, Government & Politics",news,professionals,global,GB;GLOBAL,en,low,false,premium
adx,dailymail.co.uk,,Web,Mobile,DISPLAY,320x100,16132,14121,15338,25,9.4442,0.9207,0.9508,0.0015,0.585,0.669,0.378,14853,0.8956,1.3387,IAB12 - News / Current Events,IAB1 - Arts & Entertainment,news,mass_reach,national,GB,en,medium,false,premium
adxbr,globo.com,,Web,Mobile,DISPLAY,320x50,5362,4204,5243,41,5.7018,0.8018,0.9778,0.0077,1.0638,1.3572,0.1387,4299,0.8943,0.6589,IAB12 - News / Current Events,IAB1 - Arts & Entertainment,news,mass_reach,national,BR,pt,low,false,premium
adx,purepeople.com,,Web,Mobile,DISPLAY,320x100,1839,1552,1695,3,0.477,0.9156,0.9217,0.0016,0.259,0.307,0.159,1684,0.8943,2.9131,IAB1 - Arts & Entertainment,,entertainment,mass_reach,national,FR,fr,medium,false,mid-tier
adx,goniec.pl,,Web,Mobile,DISPLAY,300x600,1430,1117,1391,9,1.9281,0.803,0.9727,0.0063,1.348,1.726,0.214,1148,0.8933,0.5176,IAB12 - News / Current Events,,news,mass_reach,national,PL,pl,medium,false,long-tail
rp,purepeople.com,,Web,Mobile,DISPLAY,300x600,9531,7311,8869,158,16.4746,0.8236,0.9306,0.0165,1.7287,2.2456,0.099,7850,0.891,0.3968,IAB1 - Arts & Entertainment,,entertainment,mass_reach,national,FR,fr,medium,false,mid-tier
rp,pudelek.pl,,Web,Mobile,DISPLAY,300x600,1917,1494,1909,8,2.429,0.7826,0.9958,0.0042,1.267,1.626,0.304,1500,0.89,0.5474,IAB1 - Arts & Entertainment,IAB18 - Style & Fashion,entertainment,young_adults,national,PL,pl,medium,false,mid-tier
adx,letterboxd.com,,Web,Mobile,DISPLAY,320x50,4412,3348,4087,10,1.5727,0.8192,0.9263,0.0023,0.356,0.47,0.157,3614,0.8875,1.8883,IAB1 - Arts & Entertainment,,social,young_adults,global,GLOBAL,en,low,false,mid-tier
adxbr,em.com.br,,Web,Mobile,DISPLAY,336x280,1677,1278,1636,37,5.3385,0.7812,0.9756,0.0221,3.183,4.177,0.144,1310,0.8833,0.2115,IAB12 - News / Current Events,,news,mass_reach,national,BR,pt,low,false,mid-tier
pubmatic,seiska.fi,,Web,Mobile,DISPLAY,300x600,3694,2815,3669,34,6.2138,0.7672,0.9932,0.0092,1.682,2.207,0.183,2834,0.8816,0.3994,IAB1 - Arts & Entertainment,,entertainment,mass_reach,national,FI,fi,medium,false,mid-tier
adxbr,clickpetroleoegas.com.br,,Web,Mobile,DISPLAY,320x100,4710,3388,3997,37,4.9742,0.8476,0.8486,0.0079,1.056,1.468,0.134,3992,0.8784,0.5984,IAB3 - Business,IAB15 - Science,business,professionals,national,BR,pt,low,false,long-tail
index,theguardian.com,,Web,Mobile,DISPLAY,300x50,1093,1063,1083,1,0.5892,0.9815,0.9909,0.0009,0.539,0.554,0.589,1073,0.878,1.5849,IAB12 - News / Current Events,"IAB11 - Law, Government & Politics",news,professionals,global,GB;GLOBAL,en,low,false,premium
adxbr,paparazzi.com.ar,,Web,Mobile,DISPLAY,300x250,7334,5451,6928,76,5.7815,0.7868,0.9446,0.0104,0.788,1.061,0.076,5770,0.8768,0.8264,IAB1 - Arts & Entertainment,,entertainment,mass_reach,national,AR,es,medium,false,mid-tier
index,pudelek.pl,,Web,Mobile,DISPLAY,300x600,1272,957,1268,5,1.3967,0.7547,0.9969,0.0039,1.098,1.459,0.279,960,0.8764,0.6007,IAB1 - Arts & Entertainment,IAB18 - Style & Fashion,entertainment,young_adults,national,PL,pl,medium,false,mid-tier
index,dailymail.co.uk,,Web,Mobile,DISPLAY,320x100,4017,3348,3853,6,2.6052,0.8689,0.9592,0.0015,0.649,0.778,0.434,3490,0.8722,1.1211,IAB12 - News / Current Events,IAB1 - Arts & Entertainment,news,mass_reach,national,GB,en,medium,false,premium
pubmatic,cnn.com,,Web,Mobile,DISPLAY,300x600,1155,919,1126,2,3.2023,0.8162,0.9749,0.0017,2.773,3.485,1.601,943,0.8706,0.2498,IAB12 - News / Current Events,,news,mass_reach,global,GLOBAL,en,low,false,premium
pubmatic,pudelek.pl,,Web,Mobile,DISPLAY,300x250,10306,7613,10206,24,7.6163,0.7459,0.9903,0.0023,0.739,1.0,0.317,7687,0.87,0.87,IAB1 - Arts & Entertainment,IAB18 - Style & Fashion,entertainment,young_adults,national,PL,pl,medium,false,mid-tier
adxbr,otempo.com.br,,Web,Mobile,DISPLAY,300x250,5063,3718,4933,21,1.8122,0.7537,0.9743,0.0041,0.358,0.487,0.086,3816,0.8691,1.7847,IAB12 - News / Current Events,,news,mass_reach,local,BR,pt,low,false,mid-tier
pubmatic,express.co.uk,,Web,Mobile,DISPLAY,970x250,1635,1195,1562,4,2.0793,0.765,0.9554,0.0024,1.272,1.74,0.52,1251,0.8691,0.4995,IAB12 - News / Current Events,,news,mass_reach,national,GB,en,medium,false,mid-tier
index,dailymail.co.uk,,Web,Desktop,DISPLAY,160x600,7701,7170,7609,8,4.2044,0.9423,0.9881,0.001,0.546,0.586,0.526,7257,0.8676,1.4805,IAB12 - News / Current Events,IAB1 - Arts & Entertainment,news,mass_reach,national,GB,en,medium,false,premium
pubmatic,pudelek.pl,,Web,Mobile,DISPLAY,300x600,7810,5708,7761,32,7.0303,0.7355,0.9937,0.0041,0.9,1.232,0.22,5744,0.8659,0.7028,IAB1 - Arts & Entertainment,IAB18 - Style & Fashion,entertainment,young_adults,national,PL,pl,medium,false,mid-tier
amazon,tudogostoso.com.br,,Web,Mobile,DISPLAY,320x100,1499,1089,1488,5,0.6497,0.7319,0.9927,0.0033,0.433,0.597,0.13,1097,0.8638,1.4468,IAB8 - Food & Drink,,other,mass_reach,national,BR,pt,low,false,mid-tier
rp,netflixmania.pl,,Web,Mobile,DISPLAY,300x600,1289,913,1160,16,3.0765,0.7871,0.8999,0.0124,2.387,3.37,0.192,1015,0.8635,0.2562,IAB1 - Arts & Entertainment,,entertainment,young_adults,national,PL,pl,medium,false,long-tail
adx,onet.pl,,Web,Desktop,DISPLAY,300x600,2426,1744,2363,5,1.1592,0.7385,0.974,0.002,0.4781,0.6535,0.2278,1792,0.8615,1.3181,IAB12 - News / Current Events,IAB1 - Arts & Entertainment,news,mass_reach,national,PL,pl,low,false,premium
adxbr,globo.com,,Web,Mobile,DISPLAY,320x100,8228,5923,8044,78,11.2964,0.7363,0.9776,0.0095,1.3731,1.9621,0.1403,6058,0.8614,0.439,IAB12 - News / Current Events,IAB1 - Arts & Entertainment,news,mass_reach,national,BR,pt,low,false,premium
adxbr,suamusica.com.br,,Web,Desktop,DISPLAY,970x250,5210,3725,5036,19,1.4921,0.7397,0.9666,0.0036,0.286,0.401,0.079,3854,0.8598,2.1442,IAB1 - Arts & Entertainment,,streaming,mass_reach,national,BR,pt,medium,false,mid-tier
rp,w2g.tv,,Web,Desktop,DISPLAY,300x250,1184,1127,1178,1,0.9128,0.9567,0.9949,0.0008,0.771,0.81,0.913,1133,0.8568,1.0578,IAB1 - Arts & Entertainment,,streaming,young_adults,global,GLOBAL,en,medium,false,long-tail
adxbr,otempo.com.br,,Web,Mobile,DISPLAY,336x280,1157,823,1138,10,1.3337,0.7232,0.9836,0.0086,1.153,1.621,0.133,837,0.8567,0.5285,IAB12 - News / Current Events,,news,mass_reach,local,BR,pt,low,false,mid-tier
pubmatic,iltalehti.fi,,Web,Mobile,DISPLAY,300x600,6077,4310,5984,31,13.6846,0.7203,0.9847,0.0051,2.252,3.175,0.441,4377,0.8556,0.2695,IAB12 - News / Current Events,IAB1 - Arts & Entertainment,news,mass_reach,national,FI,fi,low,false,premium
adx,flashback.org,,Web,Mobile,DISPLAY,300x600,5721,4279,5649,10,4.1331,0.7576,0.9874,0.0018,0.7228,0.9656,0.4093,4334,0.8543,0.8847,IAB14 - Society & Culture,IAB12 - News / Current Events,social,mass_reach,national,SE,sv,high,false,mid-tier
adx,thesun.co.uk,,Web,Mobile,DISPLAY,300x600,14979,10473,14078,40,25.7056,0.7439,0.9398,0.0027,1.716,2.454,0.643,11143,0.8539,0.348,IAB12 - News / Current Events,IAB17 - Sports,news,mass_reach,national,GB,en,medium,false,premium
adx,eatingwell.com,,Web,Mobile,DISPLAY,300x250,1389,976,1364,6,0.8267,0.7155,0.982,0.0043,0.595,0.847,0.138,994,0.8523,1.0063,IAB8 - Food & Drink,IAB7 - Health & Fitness,health,mass_reach,national,US,en,low,false,mid-tier
index,wattpad.com,,Web,Desktop,DISPLAY,300x600,8899,7990,8734,9,1.3773,0.9148,0.9815,0.001,0.155,0.172,0.153,8141,0.8518,4.9526,IAB9 - Hobbies & Interests,IAB1 - Arts & Entertainment,entertainment,young_adults,global,GLOBAL,en,medium,false,mid-tier
adx,pudelek.pl,,Web,Mobile,DISPLAY,300x250,1611,1131,1588,7,0.9825,0.7122,0.9857,0.0043,0.61,0.869,0.14,1147,0.8518,0.9802,IAB1 - Arts & Entertainment,IAB18 - Style & Fashion,entertainment,young_adults,national,PL,pl,medium,false,mid-tier
index,wattpad.com,,Web,Mobile,DISPLAY,300x250,43907,30728,42628,120,9.4294,0.7208,0.9709,0.0027,0.215,0.307,0.079,31648,0.8517,2.7742,IAB9 - Hobbies & Interests,IAB1 - Arts & Entertainment,entertainment,young_adults,global,GLOBAL,en,medium,false,mid-tier
pubmatic,thesun.co.uk,,Web,Mobile,DISPLAY,300x600,15719,10989,15259,303,105.1941,0.7202,0.9707,0.0193,6.692,9.573,0.347,11321,0.8513,0.0889,IAB12 - News / Current Events,IAB17 - Sports,news,mass_reach,national,GB,en,medium,false,premium
rp,closermag.fr,,Web,Mobile,DISPLAY,970x250,1137,1041,1118,1,0.3636,0.9311,0.9833,0.0009,0.32,0.349,0.364,1059,0.8505,2.4371,IAB1 - Arts & Entertainment,IAB18 - Style & Fashion,entertainment,young_adults,national,FR,fr,medium,false,mid-tier
adxbr,revistagente.com,,Web,Mobile,DISPLAY,300x250,6547,4483,6135,34,3.062,0.7307,0.9371,0.0052,0.4674,0.6839,0.093,4784,0.8465,1.2378,IAB1 - Arts & Entertainment,IAB18 - Style & Fashion,entertainment,young_adults,regional,BR;PT,pt,medium,false,long-tail
adx,iol.pt,,Web,Mobile,DISPLAY,320x100,1148,846,1131,2,0.4976,0.7478,0.9852,0.0018,0.4334,0.5868,0.0334,858,0.8446,1.4393,IAB12 - News / Current Events,IAB1 - Arts & Entertainment,news,mass_reach,national,PT,pt,low,false,mid-tier
pubmatic,wp.pl,,Web,Mobile,DISPLAY,300x600,2448,1674,2424,10,3.2352,0.6906,0.9902,0.0041,1.3217,1.928,0.3253,1691,0.8424,0.4369,IAB12 - News / Current Events,IAB1 - Arts & Entertainment,news,mass_reach,national,PL,pl,low,false,premium
medianet,vsco.co,,Web,Mobile,DISPLAY,300x600,1016,875,946,1,0.7565,0.9249,0.9311,0.001,0.745,0.865,0.757,940,0.8418,0.9732,IAB1 - Arts & Entertainment,IAB18 - Style & Fashion,social,young_adults,global,GLOBAL,en,low,false,mid-tier
pubmatic,melty.fr,,Web,Mobile,DISPLAY,300x600,11150,7551,10712,34,5.5909,0.7049,0.9607,0.003,0.501,0.74,0.164,7860,0.8407,1.136,IAB1 - Arts & Entertainment,,entertainment,young_adults,national,FR,fr,medium,false,mid-tier
adx,flashback.org,,Web,Mobile,DISPLAY,970x250,1061,721,1047,3,0.4384,0.6886,0.9868,0.0028,0.413,0.608,0.146,731,0.8403,1.3821,IAB14 - Society & Culture,IAB12 - News / Current Events,social,mass_reach,national,SE,sv,high,false,mid-tier
pubmatic,mariefrance.fr,,Web,Mobile,DISPLAY,300x600,4659,3134,4439,17,3.3207,0.706,0.9528,0.0036,0.713,1.06,0.195,3289,0.8388,0.7914,IAB18 - Style & Fashion,IAB7 - Health & Fitness,entertainment,young_adults,national,FR,fr,low,false,mid-tier
kidoz,apple.com,My Singing Monsters,In-app,Mobile,VIDEO,1920x1080,1593,721,723,24,13.8975,0.9972,0.4539,0.0151,8.724,19.275,0.579,1589,0.8348,0.0433,IAB9 - Hobbies & Interests,,gaming,young_adults,global,GLOBAL,en,low,true,mid-tier
index,wattpad.com,,Web,Desktop,DISPLAY,300x250,5899,4590,5655,8,1.4798,0.8117,0.9586,0.0014,0.251,0.322,0.185,4788,0.8334,2.5883,IAB9 - Hobbies & Interests,IAB1 - Arts & Entertainment,entertainment,young_adults,global,GLOBAL,en,medium,false,mid-tier
rp,wp.pl,,Web,Mobile,DISPLAY,300x600,4445,2937,4396,15,6.3004,0.6681,0.9889,0.0033,1.4178,2.1524,0.5064,2970,0.8307,0.386,IAB12 - News / Current Events,IAB1 - Arts & Entertainment,news,mass_reach,national,PL,pl,low,false,premium
adx,filmtotaal.nl,,Web,Mobile,DISPLAY,300x250,1236,912,1212,2,0.968,0.7525,0.9806,0.0016,0.783,1.061,0.484,930,0.8304,0.7827,IAB1 - Arts & Entertainment,,entertainment,mass_reach,national,NL,nl,low,false,mid-tier
index,wp.pl,,Web,Mobile,DISPLAY,300x600,2287,1502,2259,7,3.1609,0.6648,0.9877,0.0031,1.3823,2.1048,0.5558,1520,0.8287,0.3937,IAB12 - News / Current Events,IAB1 - Arts & Entertainment,news,mass_reach,national,PL,pl,low,false,premium
rp,telestar.fr,,Web,Mobile,DISPLAY,300x600,3009,1931,2891,12,1.3323,0.6679,0.9608,0.004,0.443,0.69,0.111,2010,0.8222,1.1916,IAB1 - Arts & Entertainment,IAB12 - News / Current Events,entertainment,mass_reach,national,FR,fr,low,false,mid-tier
rp,thegearpage.net,,Web,Mobile,DISPLAY,728x90,4119,3859,4051,2,5.5324,0.9526,0.9835,0.0005,1.343,1.434,2.766,3924,0.8214,0.5728,IAB9 - Hobbies & Interests,IAB1 - Arts & Entertainment,entertainment,mass_reach,global,GLOBAL,en,low,false,long-tail
adx,all-good-weddings.com,,Web,Mobile,DISPLAY,320x50,10862,9726,10087,7,0.7578,0.9642,0.9287,0.0006,0.07,0.078,0.108,10473,0.8207,10.5219,IAB14 - Society & Culture,,other,parents,global,GLOBAL,en,medium,false,long-tail
rp,iltalehti.fi,,Web,Mobile,DISPLAY,300x600,2572,1632,2545,20,5.6648,0.6413,0.9895,0.0078,2.2022,3.4719,0.2823,1649,0.8175,0.2355,IAB12 - News / Current Events,IAB1 - Arts & Entertainment,news,mass_reach,national,FI,fi,low,false,premium
index,thesun.co.uk,,Web,Mobile,DISPLAY,300x600,7131,4497,6873,53,27.3139,0.6543,0.9638,0.0074,3.83,6.074,0.515,4666,0.8163,0.1344,IAB12 - News / Current Events,IAB17 - Sports,news,mass_reach,national,GB,en,medium,false,premium
pubmatic,marmiton.org,,Web,Mobile,DISPLAY,970x250,1195,1039,1184,1,0.9487,0.8775,0.9908,0.0008,0.794,0.913,0.949,1049,0.816,0.8937,IAB8 - Food & Drink,,other,mass_reach,national,FR,fr,low,false,mid-tier
pubmatic,dailymail.co.uk,,Web,Mobile,DISPLAY,728x90,1941,1791,1890,1,1.7673,0.9476,0.9737,0.0005,0.911,0.987,1.767,1839,0.8159,0.8267,IAB12 - News / Current Events,IAB1 - Arts & Entertainment,news,mass_reach,national,GB,en,medium,false,premium
adx,flashback.org,,Web,Mobile,DISPLAY,300x250,8093,5105,7958,21,4.1365,0.6415,0.9833,0.0026,0.511,0.81,0.197,5192,0.8157,1.0071,IAB14 - Society & Culture,IAB12 - News / Current Events,social,mass_reach,national,SE,sv,high,false,mid-tier
adx,femanin.com,,Web,Mobile,DISPLAY,300x250,1351,984,1328,2,1.2027,0.741,0.983,0.0015,0.89,1.222,0.601,1001,0.8154,0.6673,IAB18 - Style & Fashion,IAB7 - Health & Fitness,entertainment,young_adults,regional,ES;MX;AR,es,medium,false,long-tail
rp,dailymail.co.uk,,Web,Mobile,DISPLAY,728x90,2087,1946,2058,1,2.2967,0.9453,0.9861,0.0005,1.1007,1.1831,1.0439,1973,0.8152,0.689,IAB12 - News / Current Events,IAB1 - Arts & Entertainment,news,mass_reach,national,GB,en,medium,false,premium
pubmatic,closermag.fr,,Web,Mobile,DISPLAY,300x600,6394,4010,6242,38,8.4654,0.6424,0.9762,0.0059,1.324,2.111,0.223,4108,0.8141,0.3856,IAB1 - Arts & Entertainment,IAB18 - Style & Fashion,entertainment,young_adults,national,FR,fr,medium,false,mid-tier
rp,musicca.com,,Web,Desktop,DISPLAY,728x90,2120,1962,2113,1,0.4059,0.9285,0.9967,0.0005,0.191,0.207,0.406,1968,0.8133,3.9288,IAB1 - Arts & Entertainment,IAB5 - Education,education,students,global,GLOBAL,en,low,false,long-tail
rp,w2g.tv,,Web,Desktop,DISPLAY,728x90,2838,2679,2825,1,1.9426,0.9483,0.9954,0.0004,0.684,0.725,1.943,2691,0.8128,1.1211,IAB1 - Arts & Entertainment,,streaming,young_adults,global,GLOBAL,en,medium,false,long-tail
adxbr,echo-spherenet.com,,Web,Mobile,DISPLAY,320x50,3185,3055,3142,1,0.1546,0.9723,0.9865,0.0003,0.049,0.051,0.155,3097,0.8121,15.9235,IAB8 - Food & Drink,IAB14 - Society & Culture,other,mass_reach,global,GLOBAL,en,high,false,long-tail
pubmatic,wattpad.com,,Web,Desktop,DISPLAY,300x250,1401,1010,1335,2,1.2394,0.7566,0.9529,0.0014,0.885,1.227,0.62,1060,0.8042,0.6554,IAB9 - Hobbies & Interests,IAB1 - Arts & Entertainment,entertainment,young_adults,global,GLOBAL,en,medium,false,mid-tier
adx,kurir.rs,,Web,Mobile,DISPLAY,300x250,4310,2932,4231,7,2.1182,0.6929,0.9817,0.0016,0.4914,0.7201,0.3021,2987,0.804,1.1166,IAB12 - News / Current Events,,news,mass_reach,national,RS,sr,medium,false,mid-tier
rp,kurir.rs,,Web,Mobile,DISPLAY,300x600,26343,15989,25911,288,36.7568,0.617,0.9836,0.0109,1.3948,2.2986,0.1279,16255,0.8036,0.3496,IAB12 - News / Current Events,,news,mass_reach,national,RS,sr,medium,false,mid-tier
adxbr,estadao.com.br,,Web,Mobile,DISPLAY,320x100,2447,1482,2418,15,2.137,0.6132,0.9881,0.0061,0.8737,1.4429,0.141,1500,0.803,0.5565,IAB12 - News / Current Events,IAB3 - Business,news,professionals,national,BR,pt,low,false,premium
pubmatic,wp.pl,,Web,Mobile,DISPLAY,300x250,7346,4477,7087,16,5.2826,0.6268,0.9647,0.0022,0.7193,1.2728,0.4573,4604,0.8028,0.6308,IAB12 - News / Current Events,IAB1 - Arts & Entertainment,news,mass_reach,national,PL,pl,low,false,premium
pubmatic,mydramalist.com,,Web,Mobile,DISPLAY,320x100,1876,1423,1689,2,0.5171,0.8425,0.9003,0.0011,0.276,0.363,0.259,1581,0.8013,2.2075,IAB1 - Arts & Entertainment,,entertainment,young_adults,global,GLOBAL,en,low,false,long-tail
rp,letterboxd.com,,Web,Mobile,DISPLAY,320x50,2501,1654,2288,4,0.5487,0.7229,0.9148,0.0016,0.2191,0.332,0.1369,1808,0.7958,2.397,IAB1 - Arts & Entertainment,,social,young_adults,global,GLOBAL,en,low,false,mid-tier
index,huffpost.com,,Web,Desktop,DISPLAY,970x250,1415,1191,1388,1,1.8147,0.8581,0.9809,0.0007,1.282,1.524,1.815,1214,0.7933,0.5206,IAB12 - News / Current Events,IAB14 - Society & Culture,news,young_adults,global,US;GLOBAL,en,medium,false,mid-tier
rp,mondo.rs,,Web,Mobile,DISPLAY,300x600,1887,1099,1840,22,3.0255,0.5973,0.9751,0.0117,1.603,2.753,0.138,1127,0.7912,0.2874,IAB1 - Arts & Entertainment,IAB12 - News / Current Events,entertainment,young_adults,national,RS,sr,medium,false,mid-tier
rp,plex.tv,,Web,Mobile,DISPLAY,728x90,2019,1754,1965,1,2.0318,0.8926,0.9733,0.0005,1.006,1.158,2.032,1802,0.7883,0.6807,IAB1 - Arts & Entertainment,,streaming,tech_enthusiasts,global,GLOBAL,en,low,false,mid-tier
adxbr,otempo.com.br,,Web,Mobile,DISPLAY,320x50,1379,1138,1354,1,0.1433,0.8405,0.9819,0.0007,0.104,0.126,0.143,1159,0.7848,6.2287,IAB12 - News / Current Events,,news,mass_reach,local,BR,pt,low,false,mid-tier
adx,kurir.rs,,Web,Desktop,DISPLAY,300x600,1230,698,1214,10,0.5442,0.575,0.987,0.0081,0.442,0.78,0.054,707,0.7836,1.0046,IAB12 - News / Current Events,,news,mass_reach,national,RS,sr,medium,false,mid-tier
index,theguardian.com,,Web,Mobile,DISPLAY,320x50,1247,1199,1232,0,0.6856,0.9732,0.988,0.0,0.55,0.572,0.0,1214,0.783,1.3689,IAB12 - News / Current Events,"IAB11 - Law, Government & Politics",news,professionals,global,GB;GLOBAL,en,low,false,premium
adxbr,gazetadopovo.com.br,,Web,Mobile,DISPLAY,320x50,3795,3403,3712,1,0.1624,0.9168,0.9781,0.0003,0.043,0.048,0.162,3479,0.7818,16.2881,IAB12 - News / Current Events,,news,mass_reach,national,BR,pt,low,false,mid-tier
index,wowhead.com,,Web,Desktop,DISPLAY,728x90,1641,1378,1630,1,1.3112,0.8454,0.9933,0.0006,0.799,0.952,1.311,1387,0.7807,0.8201,IAB9 - Hobbies & Interests,,gaming,tech_enthusiasts,global,GLOBAL,en,low,false,mid-tier
adx,echo-spherenet.com,,Web,Mobile,DISPLAY,300x250,1866,1371,1804,2,0.5545,0.76,0.9668,0.0011,0.297,0.404,0.277,1418,0.78,1.9308,IAB8 - Food & Drink,IAB14 - Society & Culture,other,mass_reach,global,GLOBAL,en,high,false,long-tail
rp,espreso.co.rs,,Web,Mobile,DISPLAY,300x600,1280,716,1273,13,1.3065,0.5625,0.9945,0.0102,1.021,1.825,0.101,720,0.7796,0.4272,IAB12 - News / Current Events,,news,mass_reach,national,RS,sr,medium,false,mid-tier
rp,playsimple.in,,Web,Mobile,DISPLAY,728x90,1309,1254,1305,0,1.8902,0.9609,0.9969,0.0,1.444,1.507,0.0,1258,0.7795,0.5173,IAB9 - Hobbies & Interests,,gaming,mass_reach,national,IN,en,medium,false,long-tail
medianet,w2g.tv,,Web,Desktop,DISPLAY,728x90,1020,977,1019,0,0.8655,0.9588,0.999,0.0,0.849,0.886,0.0,978,0.7791,0.8793,IAB1 - Arts & Entertainment,,streaming,young_adults,global,GLOBAL,en,medium,false,long-tail
rp,wattpad.com,,Web,Mobile,DISPLAY,300x250,40490,25671,38627,65,15.9362,0.6646,0.954,0.0016,0.394,0.621,0.245,26910,0.7785,1.2536,IAB9 - Hobbies & Interests,IAB1 - Arts & Entertainment,entertainment,young_adults,global,GLOBAL,en,medium,false,mid-tier
rp,brainium.com,,Web,Mobile,DISPLAY,728x90,1114,1064,1110,0,1.4354,0.9586,0.9964,0.0,1.289,1.349,0.0,1068,0.7782,0.5769,IAB9 - Hobbies & Interests,IAB5 - Education,gaming,mass_reach,global,GLOBAL,en,low,false,long-tail
adx,theguardian.com,,Web,Mobile,DISPLAY,320x50,1341,1272,1319,0,0.9852,0.9644,0.9836,0.0,0.735,0.775,0.0,1293,0.7773,1.0029,IAB12 - News / Current Events,"IAB11 - Law, Government & Politics",news,professionals,global,GB;GLOBAL,en,low,false,premium
pubmatic,wattpad.com,,Web,Mobile,DISPLAY,300x250,7350,4630,7034,12,7.7383,0.6582,0.957,0.0016,1.053,1.671,0.645,4838,0.7762,0.4645,IAB9 - Hobbies & Interests,IAB1 - Arts & Entertainment,entertainment,young_adults,global,GLOBAL,en,medium,false,mid-tier
rp,tportal.hr,,Web,Mobile,DISPLAY,300x600,1624,898,1603,6,1.7555,0.5602,0.9871,0.0037,1.081,1.955,0.293,910,0.7762,0.397,IAB12 - News / Current Events,IAB1 - Arts & Entertainment,news,mass_reach,national,HR,hr,low,false,mid-tier
medianet,closermag.fr,,Web,Mobile,DISPLAY,300x600,2809,1552,2738,16,2.7695,0.5668,0.9747,0.0057,0.986,1.784,0.173,1592,0.7758,0.4349,IAB1 - Arts & Entertainment,IAB18 - Style & Fashion,entertainment,young_adults,national,FR,fr,medium,false,mid-tier
adx,harpersbazaar.com,,Web,Mobile,DISPLAY,300x600,1630,964,1592,3,1.7704,0.6055,0.9767,0.0018,1.086,1.837,0.59,987,0.7758,0.4223,IAB18 - Style & Fashion,IAB1 - Arts & Entertainment,entertainment,high_income,global,US;GLOBAL,en,low,false,premium
pubmatic,mumsnet.com,,Web,Mobile,DISPLAY,320x50,3669,3468,3610,0,1.9304,0.9607,0.9839,0.0,0.526,0.557,0.0,3525,0.7755,1.3923,IAB6 - Family & Parenting,IAB14 - Society & Culture,parenting,parents,national,GB,en,medium,false,mid-tier
pubmatic,theguardian.com,,Web,Mobile,DISPLAY,300x250,4268,2318,4187,10,8.4228,0.5536,0.981,0.0023,1.973,3.634,0.842,2363,0.7711,0.2122,IAB12 - News / Current Events,"IAB11 - Law, Government & Politics",news,professionals,global,GB;GLOBAL,en,low,false,premium
rp,pudelek.pl,,Web,Mobile,DISPLAY,300x250,7879,5825,7854,8,5.3221,0.7417,0.9968,0.001,0.675,0.914,0.665,5844,0.7699,0.8423,IAB1 - Arts & Entertainment,IAB18 - Style & Fashion,entertainment,young_adults,national,PL,pl,medium,false,mid-tier
adx,dailymail.co.uk,,Web,Desktop,DISPLAY,300x600,8988,6264,8819,11,4.0713,0.7103,0.9812,0.0012,0.453,0.65,0.37,6384,0.7695,1.1839,IAB12 - News / Current Events,IAB1 - Arts & Entertainment,news,mass_reach,national,GB,en,medium,false,premium
rp,dailymail.co.uk,,Web,Desktop,DISPLAY,300x250,1670,1558,1644,0,0.8044,0.9477,0.9844,0.0,0.482,0.516,0.0,1583,0.7692,1.4906,IAB12 - News / Current Events,IAB1 - Arts & Entertainment,news,mass_reach,national,GB,en,medium,false,premium
adx,all-good-weddings.com,,Web,Mobile,DISPLAY,300x250,11313,7561,10515,15,4.509,0.7191,0.9295,0.0013,0.399,0.596,0.301,8135,0.7684,1.2893,IAB14 - Society & Culture,,other,parents,global,GLOBAL,en,medium,false,long-tail
index,u.gg,,Web,Desktop,DISPLAY,300x600,1021,948,1003,0,0.8367,0.9452,0.9824,0.0,0.819,0.883,0.0,965,0.7673,0.869,IAB9 - Hobbies & Interests,,gaming,young_adults,global,GLOBAL,en,low,false,long-tail
pubmatic,paparazzi.com.ar,,Web,Desktop,DISPLAY,728x90,1545,1247,1519,1,0.1961,0.8209,0.9832,0.0006,0.127,0.157,0.196,1268,0.7654,4.8752,IAB1 - Arts & Entertainment,,entertainment,mass_reach,national,AR,es,medium,false,mid-tier
rp,pink.rs,,Web,Mobile,DISPLAY,300x600,1345,708,1323,4,1.1552,0.5351,0.9836,0.003,0.859,1.632,0.289,720,0.7626,0.4673,IAB1 - Arts & Entertainment,,entertainment,mass_reach,national,RS,sr,medium,false,mid-tier
index,dailymail.co.uk,,Web,Desktop,DISPLAY,300x250,1762,1227,1720,2,1.8582,0.7134,0.9762,0.0011,1.055,1.514,0.929,1257,0.7596,0.5017,IAB12 - News / Current Events,IAB1 - Arts & Entertainment,news,mass_reach,national,GB,en,medium,false,premium
rp,kurir.rs,,Web,Mobile,DISPLAY,300x250,4889,2542,4761,12,3.0217,0.5339,0.9739,0.0024,0.6183,1.1892,0.238,2610,0.7591,0.6383,IAB12 - News / Current Events,,news,mass_reach,national,RS,sr,medium,false,mid-tier
pubmatic,noticiascaracol.com,,Web,Mobile,DISPLAY,728x90,2140,1932,2046,0,0.8233,0.9443,0.9561,0.0,0.385,0.426,0.0,2021,0.759,1.7816,IAB12 - News / Current Events,,news,mass_reach,national,CO,es,low,false,mid-tier
adx,dnevnik.hr,,Web,Mobile,DISPLAY,300x600,1249,650,1221,3,1.2151,0.5315,0.9776,0.0024,0.9729,1.9118,0.1403,664,0.759,0.397,IAB12 - News / Current Events,,news,mass_reach,national,HR,hr,low,false,mid-tier
adxbr,clickpetroleoegas.com.br,,Web,Mobile,DISPLAY,300x600,1225,631,1202,45,6.4494,0.525,0.9812,0.0367,5.265,10.221,0.143,643,0.7569,0.074,IAB3 - Business,IAB15 - Science,business,professionals,national,BR,pt,low,false,long-tail
kidoz,google.com,Royal Cooking - Cooking Game,In-app,Mobile,VIDEO,1920x1080,2720,634,655,17,23.7295,0.9679,0.2408,0.0063,8.724,37.428,1.396,2633,0.7562,0.0202,IAB9 - Hobbies & Interests,IAB8 - Food & Drink,gaming,mass_reach,global,GLOBAL,en,low,true,mid-tier
adx,dailymail.co.uk,,Web,Mobile,DISPLAY,300x250,38522,22716,36901,63,18.029,0.6156,0.9579,0.0016,0.468,0.794,0.286,23714,0.7552,0.9511,IAB12 - News / Current Events,IAB1 - Arts & Entertainment,news,mass_reach,national,GB,en,medium,false,premium
adx,kurir.rs,,Web,Mobile,DISPLAY,300x600,7620,3898,7463,46,8.4599,0.5222,0.9794,0.006,1.1103,2.1588,0.1857,3979,0.7549,0.3497,IAB12 - News / Current Events,,news,mass_reach,national,RS,sr,medium,false,mid-tier
rp,dailymail.co.uk,,Web,Desktop,DISPLAY,728x90,2151,1938,2120,0,1.3979,0.9142,0.9856,0.0,0.65,0.721,0.0,1966,0.7528,1.0441,IAB12 - News / Current Events,IAB1 - Arts & Entertainment,news,mass_reach,national,GB,en,medium,false,premium
adxus,huffpost.com,,Web,Mobile,DISPLAY,300x250,6217,4330,6016,6,6.7163,0.7197,0.9677,0.001,1.0799,1.5513,1.116,4475,0.75,0.4835,IAB12 - News / Current Events,IAB14 - Society & Culture,news,young_adults,global,US;GLOBAL,en,medium,false,mid-tier
pubmatic,yahoo.com,,Web,Desktop,DISPLAY,728x90,39275,34792,38718,2,67.9501,0.8983,0.9859,0.0,1.73,1.9609,36.3592,35283,0.7486,0.3817,IAB12 - News / Current Events,IAB13 - Personal Finance,news,mass_reach,global,GLOBAL,en,low,false,premium
rp,wattpad.com,,Web,Desktop,DISPLAY,300x250,13378,9715,12701,11,7.1695,0.765,0.9494,0.0008,0.5354,0.7285,0.6439,10234,0.7469,1.0253,IAB9 - Hobbies & Interests,IAB1 - Arts & Entertainment,entertainment,young_adults,global,GLOBAL,en,medium,false,mid-tier
pubmatic,perchance.org,,Web,Desktop,DISPLAY,728x90,1864,1652,1853,0,2.3013,0.8915,0.9941,0.0,1.235,1.393,0.0,1662,0.744,0.5341,IAB9 - Hobbies & Interests,IAB19 - Technology & Computing,other,young_adults,global,GLOBAL,en,medium,false,long-tail
rp,dailymail.co.uk,,Web,Mobile,DISPLAY,300x600,3505,1716,3388,7,4.1939,0.5065,0.9666,0.002,1.197,2.444,0.599,1775,0.7432,0.3041,IAB12 - News / Current Events,IAB1 - Arts & Entertainment,news,mass_reach,national,GB,en,medium,false,premium
pubmatic,programme-tv.net,,Web,Mobile,DISPLAY,160x600,3216,1567,3127,48,4.8043,0.5011,0.9723,0.0149,1.494,3.066,0.1,1612,0.7422,0.2421,IAB1 - Arts & Entertainment,,entertainment,mass_reach,national,FR,fr,low,false,mid-tier
pubmatic,ezgif.com,,Web,Desktop,DISPLAY,300x600,3928,2648,3847,4,3.0604,0.6883,0.9794,0.001,0.779,1.156,0.765,2704,0.738,0.6384,IAB19 - Technology & Computing,,technology,mass_reach,global,GLOBAL,en,medium,false,long-tail
adx,bystragrazyna.pl,,Web,Mobile,DISPLAY,300x250,1150,551,1103,4,0.1145,0.4995,0.9591,0.0035,0.1,0.208,0.029,574,0.7375,3.5456,IAB6 - Family & Parenting,IAB8 - Food & Drink,parenting,parents,national,PL,pl,low,false,long-tail
rp,hln.be,,Web,Mobile,DISPLAY,300x600,3685,1760,3569,9,19.5948,0.4931,0.9685,0.0024,5.317,11.133,2.177,1817,0.7371,0.0662,IAB12 - News / Current Events,,news,mass_reach,national,BE,nl,low,false,premium
adxus,yahoo.com,,Web,Mobile,DISPLAY,300x250,21902,14183,21000,23,21.9326,0.6754,0.9589,0.0011,1.0009,1.5469,0.9487,14792,0.7351,0.4752,IAB12 - News / Current Events,IAB13 - Personal Finance,news,mass_reach,global,GLOBAL,en,low,false,premium
adxbr,leagueofgraphs.com,,Web,Desktop,DISPLAY,728x90,2721,2338,2637,0,0.1369,0.8866,0.9691,0.0,0.05,0.059,0.0,2412,0.734,12.4412,IAB9 - Hobbies & Interests,,gaming,tech_enthusiasts,global,GLOBAL,en,low,false,long-tail
rp,huffpost.com,,Web,Mobile,DISPLAY,320x50,1549,724,1488,8,1.1533,0.4866,0.9606,0.0052,0.745,1.593,0.144,754,0.7315,0.4592,IAB12 - News / Current Events,IAB14 - Society & Culture,news,young_adults,global,US;GLOBAL,en,medium,false,mid-tier
adxbr,viapais.com.ar,,Web,Mobile,DISPLAY,300x250,6403,4458,6221,5,0.6932,0.7166,0.9716,0.0008,0.108,0.155,0.139,4588,0.7298,4.7083,IAB12 - News / Current Events,,news,mass_reach,national,AR,es,medium,false,long-tail
pubmatic,sporcle.com,,Web,Desktop,DISPLAY,728x90,1178,1004,1166,0,0.8264,0.861,0.9898,0.0,0.7019,0.8289,0.0,1014,0.7274,0.8776,IAB9 - Hobbies & Interests,IAB1 - Arts & Entertainment,entertainment,mass_reach,global,GLOBAL,en,low,false,mid-tier
rp,urbandictionary.com,,Web,Desktop,DISPLAY,300x600,2513,2128,2445,0,1.8994,0.8703,0.9729,0.0,0.756,0.893,0.0,2187,0.727,0.8141,IAB14 - Society & Culture,,other,young_adults,global,GLOBAL,en,high,false,long-tail
index,mariefrance.fr,,Web,Mobile,DISPLAY,300x600,2202,1093,2100,4,1.3379,0.5205,0.9537,0.0018,0.608,1.224,0.334,1146,0.7264,0.5934,IAB18 - Style & Fashion,IAB7 - Health & Fitness,entertainment,young_adults,national,FR,fr,low,false,mid-tier
rp,melty.fr,,Web,Mobile,DISPLAY,300x600,2420,1480,2338,3,1.099,0.633,0.9661,0.0012,0.454,0.743,0.366,1532,0.7263,0.9776,IAB1 - Arts & Entertainment,,entertainment,young_adults,national,FR,fr,medium,false,mid-tier
adx,dailymail.co.uk,,Web,Desktop,DISPLAY,970x250,11373,7141,11089,13,6.2651,0.644,0.975,0.0011,0.551,0.877,0.482,7324,0.7245,0.8261,IAB12 - News / Current Events,IAB1 - Arts & Entertainment,news,mass_reach,national,GB,en,medium,false,premium
index,yahoo.com,,Web,Desktop,DISPLAY,728x90,8689,7152,8582,1,13.2653,0.8334,0.9877,0.0001,1.527,1.855,13.265,7241,0.723,0.3898,IAB12 - News / Current Events,IAB13 - Personal Finance,news,mass_reach,global,GLOBAL,en,low,false,premium
pubmatic,sporcle.com,,Web,Desktop,DISPLAY,300x250,1694,1426,1678,0,1.6554,0.8498,0.9905,0.0,0.9777,1.1628,0.0,1440,0.7221,0.621,IAB9 - Hobbies & Interests,IAB1 - Arts & Entertainment,entertainment,mass_reach,global,GLOBAL,en,low,false,mid-tier
pubmatic,wowhead.com,,Web,Desktop,DISPLAY,300x600,2465,2072,2440,0,2.9983,0.8492,0.9899,0.0,1.216,1.447,0.0,2093,0.7216,0.4987,IAB9 - Hobbies & Interests,,gaming,tech_enthusiasts,global,GLOBAL,en,low,false,mid-tier
appnexus,webmotors.com.br,,Web,Desktop,DISPLAY,728x90,1517,884,1506,2,0.286,0.587,0.9927,0.0013,0.189,0.324,0.143,890,0.7213,2.2263,IAB2 - Automotive,,automotive,mass_reach,national,BR,pt,low,false,mid-tier
adxapac,freeconvert.com,,Web,Desktop,DISPLAY,728x90,1701,1419,1653,0,0.4037,0.8584,0.9718,0.0,0.237,0.285,0.0,1460,0.7207,2.5289,IAB19 - Technology & Computing,,technology,mass_reach,global,GLOBAL,en,medium,false,long-tail
index,dailymail.co.uk,,Web,Mobile,DISPLAY,300x250,24170,14174,23726,28,12.4132,0.5974,0.9816,0.0012,0.5139,0.8763,0.4428,14439,0.7131,0.8138,IAB12 - News / Current Events,IAB1 - Arts & Entertainment,news,mass_reach,national,GB,en,medium,false,premium
pubmatic,hoerzu.de,,Web,Mobile,DISPLAY,300x250,1191,516,1096,5,1.1896,0.4708,0.9202,0.0042,0.999,2.305,0.238,561,0.7115,0.3087,IAB1 - Arts & Entertainment,IAB12 - News / Current Events,entertainment,mass_reach,national,DE,de,low,false,mid-tier
rp,wattpad.com,,Web,Mobile,DISPLAY,320x50,11815,8263,11113,6,2.837,0.7435,0.9406,0.0005,0.24,0.343,0.473,8784,0.7039,2.0523,IAB9 - Hobbies & Interests,IAB1 - Arts & Entertainment,entertainment,young_adults,global,GLOBAL,en,medium,false,mid-tier
rp,scribd.com,,Web,Mobile,DISPLAY,728x90,2920,1765,2858,3,0.3934,0.6176,0.9788,0.001,0.135,0.223,0.131,1803,0.7024,3.15,IAB9 - Hobbies & Interests,IAB5 - Education,education,professionals,global,GLOBAL,en,low,false,mid-tier
kidoz,apple.com,Subway Surfers,In-app,Mobile,VIDEO,1920x1080,2938,18,18,539,25.6313,1.0,0.0061,0.1835,8.724,1423.964,0.048,2938,0.7018,0.0005,IAB9 - Hobbies & Interests,,gaming,young_adults,global,GLOBAL,en,low,true,premium
rp,thegearpage.net,,Web,Desktop,DISPLAY,300x250,1516,1207,1496,0,1.796,0.8068,0.9868,0.0,1.185,1.488,0.0,1223,0.6994,0.4701,IAB9 - Hobbies & Interests,IAB1 - Arts & Entertainment,entertainment,mass_reach,global,GLOBAL,en,low,false,long-tail
adxus,tumblr.com,,Web,Desktop,DISPLAY,300x600,5228,3654,4803,2,4.3241,0.7608,0.9187,0.0004,0.827,1.183,2.162,3977,0.696,0.5883,IAB14 - Society & Culture,IAB1 - Arts & Entertainment,social,young_adults,global,GLOBAL,en,medium,false,mid-tier
adx,flashback.org,,Web,Desktop,DISPLAY,970x250,1288,813,1267,1,0.7211,0.6417,0.9837,0.0008,0.56,0.887,0.721,827,0.696,0.7846,IAB14 - Society & Culture,IAB12 - News / Current Events,social,mass_reach,national,SE,sv,high,false,mid-tier
index,huffpost.com,,Web,Desktop,DISPLAY,728x90,1681,1123,1643,1,2.646,0.6835,0.9774,0.0006,1.574,2.356,2.646,1149,0.695,0.295,IAB12 - News / Current Events,IAB14 - Society & Culture,news,young_adults,global,US;GLOBAL,en,medium,false,mid-tier
rp,dailymail.co.uk,,Web,Desktop,DISPLAY,300x600,3016,2371,2988,0,3.7954,0.7935,0.9907,0.0,1.258,1.601,0.0,2393,0.694,0.4335,IAB12 - News / Current Events,IAB1 - Arts & Entertainment,news,mass_reach,national,GB,en,medium,false,premium
index,wattpad.com,,Web,Mobile,DISPLAY,320x50,7201,5041,6803,3,1.4167,0.741,0.9447,0.0004,0.197,0.281,0.472,5336,0.6939,2.4694,IAB9 - Hobbies & Interests,IAB1 - Arts & Entertainment,entertainment,young_adults,global,GLOBAL,en,medium,false,mid-tier
adxbr,uol.com.br,,Web,Mobile,DISPLAY,300x250,13835,5507,12985,38,5.2673,0.4239,0.9386,0.0027,0.381,0.9035,0.1441,5865,0.6936,0.7676,IAB12 - News / Current Events,IAB1 - Arts & Entertainment,news,mass_reach,national,BR,pt,low,false,premium
adx,dailymail.co.uk,,Web,Mobile,DISPLAY,300x600,18842,9898,18170,24,6.7733,0.5447,0.9643,0.0013,0.359,0.684,0.282,10263,0.6916,1.0112,IAB12 - News / Current Events,IAB1 - Arts & Entertainment,news,mass_reach,national,GB,en,medium,false,premium
rp,purepeople.com.br,,Web,Mobile,DISPLAY,970x250,5459,2660,5156,8,1.8117,0.5159,0.9445,0.0015,0.332,0.681,0.226,2816,0.6913,1.0151,IAB1 - Arts & Entertainment,,entertainment,mass_reach,national,BR,pt,medium,false,mid-tier
medianet,ezgif.com,,Web,Desktop,DISPLAY,300x600,2931,2083,2855,1,2.3067,0.7296,0.9741,0.0003,0.787,1.107,2.307,2138,0.687,0.6206,IAB19 - Technology & Computing,,technology,mass_reach,global,GLOBAL,en,medium,false,long-tail
sovrn,yourchamilia.com,,Web,Mobile,DISPLAY,320x50,1539,1155,1400,0,0.0,0.825,0.9097,0.0,0.0,0.0,0.0,1270,0.6854,0.0,IAB18 - Style & Fashion,IAB7 - Health & Fitness,entertainment,young_adults,global,GLOBAL,en,high,false,long-tail
adx,letterboxd.com,,Web,Desktop,DISPLAY,160x600,1330,809,1276,1,0.228,0.634,0.9594,0.0008,0.171,0.282,0.228,843,0.6848,2.4284,IAB1 - Arts & Entertainment,,social,young_adults,global,GLOBAL,en,low,false,mid-tier
medianet,thesun.co.uk,,Web,Mobile,DISPLAY,300x600,1590,811,1551,2,2.6177,0.5229,0.9755,0.0013,1.646,3.228,1.309,831,0.6841,0.2119,IAB12 - News / Current Events,IAB17 - Sports,news,mass_reach,national,GB,en,medium,false,premium
rp,express.co.uk,,Web,Mobile,DISPLAY,320x100,1717,1098,1577,1,1.6292,0.6963,0.9185,0.0006,0.949,1.484,1.629,1196,0.6837,0.4607,IAB12 - News / Current Events,,news,mass_reach,national,GB,en,medium,false,mid-tier
adxbr,clickpetroleoegas.com.br,,Web,Mobile,DISPLAY,336x280,1057,406,923,10,1.5847,0.4399,0.8732,0.0095,1.499,3.903,0.158,465,0.6819,0.1747,IAB3 - Business,IAB15 - Science,business,professionals,national,BR,pt,low,false,long-tail
index,urbandictionary.com,,Web,Desktop,DISPLAY,728x90,1055,801,1039,0,0.772,0.7709,0.9848,0.0,0.732,0.964,0.0,813,0.6809,0.7063,IAB14 - Society & Culture,,other,young_adults,global,GLOBAL,en,high,false,long-tail
adx,onet.pl,,Web,Mobile,DISPLAY,300x600,1954,894,1872,3,2.3503,0.4744,0.958,0.0015,1.2029,3.0705,0.1633,927,0.6773,0.2206,IAB12 - News / Current Events,IAB1 - Arts & Entertainment,news,mass_reach,national,PL,pl,low,false,premium
pubmatic,faceit.com,,Web,Desktop,DISPLAY,728x90,1323,993,1308,0,0.1594,0.7592,0.9887,0.0,0.12,0.161,0.0,1004,0.6762,4.2001,IAB9 - Hobbies & Interests,IAB17 - Sports,gaming,young_adults,global,GLOBAL,en,low,false,mid-tier
sas,tumblr.com,,Web,Desktop,DISPLAY,300x600,9160,6113,8751,4,6.1863,0.6985,0.9553,0.0004,0.675,1.012,1.547,6398,0.6758,0.6678,IAB14 - Society & Culture,IAB1 - Arts & Entertainment,social,young_adults,global,GLOBAL,en,medium,false,mid-tier
rp,dailymail.co.uk,,Web,Mobile,DISPLAY,970x250,3153,1550,3077,4,1.1163,0.5037,0.9759,0.0013,0.354,0.72,0.279,1588,0.6746,0.937,IAB12 - News / Current Events,IAB1 - Arts & Entertainment,news,mass_reach,national,GB,en,medium,false,premium
rp,yahoo.com,,Web,Desktop,DISPLAY,970x250,4919,3437,4850,1,4.066,0.7086,0.9859,0.0002,0.827,1.1906,4.0416,3486,0.67,0.5628,IAB12 - News / Current Events,IAB13 - Personal Finance,news,mass_reach,global,GLOBAL,en,low,false,premium
rp,olx.pl,,Web,Mobile,DISPLAY,300x250,13617,7090,13141,15,4.3584,0.5395,0.965,0.0011,0.32,0.615,0.291,7346,0.6693,1.0882,IAB22 - Shopping,IAB21 - Real Estate,shopping,mass_reach,national,PL,pl,low,false,premium
index,olx.pl,,Web,Mobile,DISPLAY,300x250,4718,2424,4554,5,1.5982,0.5323,0.9652,0.0011,0.339,0.659,0.32,2511,0.6657,1.0102,IAB22 - Shopping,IAB21 - Real Estate,shopping,mass_reach,national,PL,pl,low,false,premium
pubmatic,dailymail.co.uk,,Web,Desktop,DISPLAY,300x600,10752,6984,10577,4,8.1133,0.6603,0.9837,0.0004,0.755,1.162,2.028,7100,0.6653,0.5725,IAB12 - News / Current Events,IAB1 - Arts & Entertainment,news,mass_reach,national,GB,en,medium,false,premium
index,atv.com.tr,,Web,Mobile,DISPLAY,320x100,1148,631,1111,1,0.1397,0.568,0.9678,0.0009,0.122,0.221,0.14,652,0.6643,3.0061,IAB1 - Arts & Entertainment,IAB12 - News / Current Events,entertainment,mass_reach,national,TR,tr,medium,false,mid-tier
pubmatic,yahoo.com,,Web,Desktop,DISPLAY,300x250,60334,41824,59135,8,73.8016,0.7073,0.9801,0.0002,1.2233,1.7714,9.7915,42674,0.6638,0.3747,IAB12 - News / Current Events,IAB13 - Personal Finance,news,mass_reach,global,GLOBAL,en,low,false,premium
rp,dailymail.co.uk,,Web,Mobile,DISPLAY,300x250,13062,6858,12829,13,9.1995,0.5346,0.9822,0.001,0.704,1.341,0.708,6983,0.662,0.4936,IAB12 - News / Current Events,IAB1 - Arts & Entertainment,news,mass_reach,national,GB,en,medium,false,premium
pubmatic,metro.co.uk,,Web,Mobile,DISPLAY,300x250,1199,465,1167,2,0.8198,0.3985,0.9733,0.0017,0.684,1.763,0.41,478,0.6612,0.3751,IAB12 - News / Current Events,IAB1 - Arts & Entertainment,news,young_adults,national,GB,en,medium,false,mid-tier
index,yahoo.com,,Web,Desktop,DISPLAY,300x250,44580,29424,43625,12,57.8813,0.6745,0.9785,0.0003,1.2988,1.9677,4.7959,30068,0.6607,0.3358,IAB12 - News / Current Events,IAB13 - Personal Finance,news,mass_reach,global,GLOBAL,en,low,false,premium
adx,mirror.co.uk,,Web,Mobile,DISPLAY,300x250,7671,3454,7048,11,4.8322,0.4901,0.9188,0.0014,0.63,1.399,0.439,3760,0.6607,0.4723,IAB12 - News / Current Events,IAB1 - Arts & Entertainment,news,mass_reach,national,GB,en,medium,false,mid-tier
pubmatic,yahoo.com,,Web,Desktop,DISPLAY,970x250,1771,1270,1731,0,2.8754,0.7334,0.9774,0.0,1.6237,2.5044,0.0,1299,0.6599,0.2635,IAB12 - News / Current Events,IAB13 - Personal Finance,news,mass_reach,global,GLOBAL,en,low,false,premium
pubmatic,kurir.rs,,Web,Mobile,DISPLAY,300x250,1245,500,1197,2,0.563,0.4177,0.9614,0.0016,0.452,1.126,0.281,520,0.6573,0.5837,IAB12 - News / Current Events,,news,mass_reach,national,RS,sr,medium,false,mid-tier
rp,yahoo.com,,Web,Mobile,DISPLAY,728x90,108289,74166,104998,9,128.35,0.7064,0.9696,0.0001,1.1856,1.7308,14.2099,76495,0.6541,0.3779,IAB12 - News / Current Events,IAB13 - Personal Finance,news,mass_reach,global,GLOBAL,en,low,false,premium
medianet,ezgif.com,,Web,Desktop,DISPLAY,728x90,2396,1311,2307,2,1.3143,0.5683,0.9629,0.0008,0.549,1.003,0.657,1362,0.653,0.6511,IAB19 - Technology & Computing,,technology,mass_reach,global,GLOBAL,en,medium,false,long-tail
index,dailymail.co.uk,,Web,Desktop,DISPLAY,300x600,1874,1135,1851,1,1.021,0.6133,0.9877,0.0005,0.5448,0.8995,1.008,1149,0.6527,0.7256,IAB12 - News / Current Events,IAB1 - Arts & Entertainment,news,mass_reach,national,GB,en,medium,false,premium
rp,letterboxd.com,,Web,Desktop,DISPLAY,300x250,2601,1611,2474,1,1.7214,0.6512,0.9512,0.0004,0.662,1.069,1.721,1694,0.651,0.6089,IAB1 - Arts & Entertainment,,social,young_adults,global,GLOBAL,en,low,false,mid-tier
rp,hoerzu.de,,Web,Mobile,DISPLAY,320x50,2358,1058,2084,3,0.7712,0.5078,0.8838,0.0013,0.327,0.7271,0.2567,1197,0.6489,0.8924,IAB1 - Arts & Entertainment,IAB12 - News / Current Events,entertainment,mass_reach,national,DE,de,low,false,mid-tier
adx,pudelek.pl,,Web,Mobile,DISPLAY,320x50,1449,1007,1422,0,0.3639,0.7082,0.9814,0.0,0.251,0.361,0.0,1026,0.6485,1.7965,IAB1 - Arts & Entertainment,IAB18 - Style & Fashion,entertainment,young_adults,national,PL,pl,medium,false,mid-tier
kidoz,google.com,Space shooter - Galaxy attack,In-app,Mobile,VIDEO,1920x1080,2876,20,21,5,25.0905,0.9524,0.0073,0.0017,8.724,1254.523,5.018,2739,0.6484,0.0005,IAB9 - Hobbies & Interests,,gaming,young_adults,global,GLOBAL,en,low,true,mid-tier
pubmatic,dailymail.co.uk,,Web,Mobile,DISPLAY,300x600,6679,3313,6500,7,4.3248,0.5097,0.9732,0.001,0.648,1.305,0.618,3404,0.6468,0.4956,IAB12 - News / Current Events,IAB1 - Arts & Entertainment,news,mass_reach,national,GB,en,medium,false,premium
rp,mediatakeout.com,,Web,Desktop,DISPLAY,300x250,1616,920,1571,1,1.6468,0.5856,0.9722,0.0006,1.019,1.79,1.647,946,0.6445,0.36,IAB1 - Arts & Entertainment,,entertainment,mass_reach,national,US,en,high,false,long-tail
rp,ezgif.com,,Web,Desktop,DISPLAY,160x600,1929,1323,1879,0,1.4562,0.7041,0.9741,0.0,0.755,1.101,0.0,1358,0.6443,0.5852,IAB19 - Technology & Computing,,technology,mass_reach,global,GLOBAL,en,medium,false,long-tail
index,letterboxd.com,,Web,Desktop,DISPLAY,728x90,4480,3048,4272,0,2.639,0.7135,0.9536,0.0,0.589,0.866,0.0,3196,0.6428,0.7423,IAB1 - Arts & Entertainment,,social,young_adults,global,GLOBAL,en,low,false,mid-tier
index,hoerzu.de,,Web,Mobile,DISPLAY,320x50,4619,1459,3887,12,1.3259,0.3754,0.8415,0.0026,0.287,0.909,0.11,1734,0.6401,0.7042,IAB1 - Arts & Entertainment,IAB12 - News / Current Events,entertainment,mass_reach,national,DE,de,low,false,mid-tier
adx,dailystar.co.uk,,Web,Mobile,DISPLAY,300x250,1720,767,1559,2,0.5649,0.492,0.9064,0.0012,0.328,0.737,0.282,846,0.6379,0.8656,IAB12 - News / Current Events,IAB1 - Arts & Entertainment,news,mass_reach,national,GB,en,medium,false,mid-tier
adxus,huffpost.com,,Web,Desktop,DISPLAY,300x250,3266,2005,3177,1,2.6264,0.6311,0.9727,0.0003,0.804,1.31,2.626,2061,0.6374,0.4865,IAB12 - News / Current Events,IAB14 - Society & Culture,news,young_adults,global,US;GLOBAL,en,medium,false,mid-tier
index,radiotimes.com,,Web,Mobile,DISPLAY,300x600,2265,938,2223,3,1.832,0.422,0.9815,0.0013,0.809,1.953,0.611,956,0.6355,0.3254,IAB1 - Arts & Entertainment,IAB12 - News / Current Events,entertainment,mass_reach,national,GB,en,low,false,mid-tier
pubmatic,ohmymag.de,,Web,Mobile,DISPLAY,300x600,1317,501,1219,2,2.5364,0.411,0.9256,0.0015,1.926,5.063,1.268,541,0.6332,0.1251,IAB1 - Arts & Entertainment,IAB18 - Style & Fashion,entertainment,young_adults,national,DE,de,medium,false,mid-tier
index,wowhead.com,,Web,Desktop,DISPLAY,300x250,1049,697,1041,0,1.1444,0.6695,0.9924,0.0,1.091,1.642,0.0,702,0.6325,0.3852,IAB9 - Hobbies & Interests,,gaming,tech_enthusiasts,global,GLOBAL,en,low,false,mid-tier
index,theguardian.com,,Web,Mobile,DISPLAY,300x250,3001,1578,2955,2,2.4595,0.534,0.9847,0.0007,0.82,1.559,1.23,1603,0.6324,0.4057,IAB12 - News / Current Events,"IAB11 - Law, Government & Politics",news,professionals,global,GB;GLOBAL,en,low,false,premium
rp,ezgif.com,,Web,Desktop,DISPLAY,300x600,13752,7465,13496,8,11.5201,0.5531,0.9814,0.0006,0.838,1.543,1.44,7606,0.631,0.4089,IAB19 - Technology & Computing,,technology,mass_reach,global,GLOBAL,en,medium,false,long-tail
rp,yahoo.com,,Web,Desktop,DISPLAY,728x90,38208,25161,37176,1,31.9725,0.6768,0.9729,0.0,0.8367,1.3095,30.6276,25860,0.6303,0.4813,IAB12 - News / Current Events,IAB13 - Personal Finance,news,mass_reach,global,GLOBAL,en,low,false,premium
pubmatic,g4media.ro,,Web,Mobile,DISPLAY,300x250,1061,302,1040,2,0.3493,0.2904,0.9802,0.0019,0.329,1.157,0.175,308,0.6293,0.5439,IAB12 - News / Current Events,"IAB11 - Law, Government & Politics",news,professionals,national,RO,ro,low,false,mid-tier
pubmatic,dailymail.co.uk,,Web,Desktop,DISPLAY,300x250,5887,3860,5710,0,5.7963,0.676,0.9699,0.0,0.985,1.502,0.0,3980,0.629,0.4188,IAB12 - News / Current Events,IAB1 - Arts & Entertainment,news,mass_reach,national,GB,en,medium,false,premium
adxus,dailymail.co.uk,,Web,Mobile,DISPLAY,300x600,1243,624,1169,1,0.8757,0.5338,0.9404,0.0008,0.7045,1.4033,0.8719,664,0.6288,0.4481,IAB12 - News / Current Events,IAB1 - Arts & Entertainment,news,mass_reach,national,GB,en,medium,false,premium
rp,theguardian.com,,Web,Mobile,DISPLAY,300x250,5951,2969,5819,5,4.7849,0.5102,0.9778,0.0008,0.804,1.612,0.957,3036,0.6284,0.3899,IAB12 - News / Current Events,"IAB11 - Law, Government & Politics",news,professionals,global,GB;GLOBAL,en,low,false,premium
rp,yahoo.com,,Web,Desktop,DISPLAY,300x250,38977,24674,38184,5,26.9953,0.6462,0.9797,0.0001,0.693,1.094,5.399,25187,0.627,0.5731,IAB12 - News / Current Events,IAB13 - Personal Finance,news,mass_reach,global,GLOBAL,en,low,false,premium
rp,mumsnet.com,,Web,Mobile,DISPLAY,300x250,2169,651,2115,4,1.5289,0.3078,0.9751,0.0018,0.705,2.349,0.382,668,0.6264,0.2667,IAB6 - Family & Parenting,IAB14 - Society & Culture,parenting,parents,national,GB,en,medium,false,mid-tier
rp,radiotimes.com,,Web,Mobile,DISPLAY,300x600,2285,1055,2249,2,2.4259,0.4691,0.9842,0.0009,1.062,2.299,1.213,1072,0.6198,0.2696,IAB1 - Arts & Entertainment,IAB12 - News / Current Events,entertainment,mass_reach,national,GB,en,low,false,mid-tier
pubmatic,ezgif.com,,Web,Desktop,DISPLAY,728x90,2416,1162,2336,2,1.5571,0.4974,0.9669,0.0008,0.645,1.34,0.779,1202,0.6188,0.4618,IAB19 - Technology & Computing,,technology,mass_reach,global,GLOBAL,en,medium,false,long-tail
pubmatic,tumblr.com,,Web,Desktop,DISPLAY,300x600,34685,18451,33141,17,20.4507,0.5567,0.9555,0.0005,0.59,1.108,1.203,19309,0.615,0.5551,IAB14 - Society & Culture,IAB1 - Arts & Entertainment,social,young_adults,global,GLOBAL,en,medium,false,mid-tier
adxapac,pep.ph,,Web,Mobile,DISPLAY,300x250,9696,4042,8609,11,0.8416,0.4695,0.8879,0.0011,0.087,0.208,0.077,4552,0.6111,2.9381,IAB1 - Arts & Entertainment,IAB12 - News / Current Events,entertainment,mass_reach,national,PH,en,low,false,mid-tier
rp,philstar.com,,Web,Desktop,DISPLAY,300x250,1128,695,1091,0,0.2584,0.637,0.9672,0.0,0.229,0.372,0.0,719,0.6087,1.6362,IAB12 - News / Current Events,,news,mass_reach,national,PH,en,low,false,mid-tier
medianet,plex.tv,,Web,Desktop,DISPLAY,728x90,3714,2275,3685,0,4.5825,0.6174,0.9922,0.0,1.234,2.014,0.0,2293,0.6064,0.3011,IAB1 - Arts & Entertainment,,streaming,tech_enthusiasts,global,GLOBAL,en,low,false,mid-tier
rp,wattpad.com,,Web,Desktop,DISPLAY,728x90,1325,808,1243,0,0.5259,0.65,0.9381,0.0,0.397,0.651,0.0,861,0.6064,0.9315,IAB9 - Hobbies & Interests,IAB1 - Arts & Entertainment,entertainment,young_adults,global,GLOBAL,en,medium,false,mid-tier
rp,oldmoneystyle.com,,Web,Mobile,DISPLAY,728x90,1330,597,1184,1,1.9931,0.5042,0.8902,0.0008,1.499,3.338,1.993,671,0.5992,0.1795,IAB18 - Style & Fashion,IAB14 - Society & Culture,entertainment,high_income,global,GLOBAL,en,medium,false,long-tail
pubmatic,tumblr.com,,Web,Mobile,DISPLAY,300x600,86516,21728,81386,154,50.083,0.267,0.9407,0.0018,0.579,2.305,0.325,23100,0.5957,0.2584,IAB14 - Society & Culture,IAB1 - Arts & Entertainment,social,young_adults,global,GLOBAL,en,medium,false,mid-tier
index,letterboxd.com,,Web,Desktop,DISPLAY,300x250,1669,983,1601,0,1.2247,0.614,0.9593,0.0,0.734,1.246,0.0,1025,0.5948,0.4774,IAB1 - Arts & Entertainment,,social,young_adults,global,GLOBAL,en,low,false,mid-tier
medianet,yahoo.com,,Web,Desktop,DISPLAY,300x600,8553,4776,8337,1,7.4219,0.5729,0.9747,0.0001,0.868,1.554,7.422,4900,0.5889,0.3789,IAB12 - News / Current Events,IAB13 - Personal Finance,news,mass_reach,global,GLOBAL,en,low,false,premium
adxapac,ranker.com,,Web,Mobile,DISPLAY,300x250,1992,1147,1925,0,0.2582,0.5958,0.9664,0.0,0.13,0.225,0.0,1187,0.5878,2.6125,IAB1 - Arts & Entertainment,IAB14 - Society & Culture,entertainment,mass_reach,global,GLOBAL,en,medium,false,mid-tier
rp,ezgif.com,,Web,Mobile,DISPLAY,300x250,6664,2421,6389,7,3.8167,0.3789,0.9587,0.0011,0.573,1.577,0.545,2525,0.5871,0.3723,IAB19 - Technology & Computing,,technology,mass_reach,global,GLOBAL,en,medium,false,long-tail
pubmatic,goodreads.com,,Web,Mobile,DISPLAY,300x250,1918,739,1764,2,0.6488,0.4189,0.9197,0.001,0.338,0.878,0.324,803,0.5854,0.6667,IAB9 - Hobbies & Interests,IAB1 - Arts & Entertainment,social,mass_reach,global,GLOBAL,en,low,false,premium
pubmatic,thesun.co.uk,,Web,Mobile,DISPLAY,300x250,2102,1193,1984,0,2.2895,0.6013,0.9439,0.0,1.089,1.919,0.0,1264,0.5838,0.3042,IAB12 - News / Current Events,IAB17 - Sports,news,mass_reach,national,GB,en,medium,false,premium
rp,ezgif.com,,Web,Desktop,DISPLAY,300x250,6102,2809,5992,3,5.3043,0.4688,0.982,0.0005,0.869,1.888,1.768,2861,0.579,0.3067,IAB19 - Technology & Computing,,technology,mass_reach,global,GLOBAL,en,medium,false,long-tail
index,letterboxd.com,,Web,Desktop,DISPLAY,160x600,3306,1278,3109,3,0.5573,0.4111,0.9404,0.0009,0.169,0.436,0.186,1359,0.5777,1.3249,IAB1 - Arts & Entertainment,,social,young_adults,global,GLOBAL,en,low,false,mid-tier
pubmatic,yahoo.com,,Web,Desktop,DISPLAY,300x600,12363,6341,12074,2,12.4546,0.5252,0.9767,0.0002,1.0072,1.9646,6.1619,6493,0.5755,0.2929,IAB12 - News / Current Events,IAB13 - Personal Finance,news,mass_reach,global,GLOBAL,en,low,false,premium
rp,mydramalist.com,,Web,Mobile,DISPLAY,728x90,1029,354,962,1,0.5895,0.368,0.9349,0.001,0.573,1.665,0.59,379,0.5645,0.339,IAB1 - Arts & Entertainment,,entertainment,young_adults,global,GLOBAL,en,low,false,long-tail
medianet,ezgif.com,,Web,Mobile,DISPLAY,300x250,2224,1007,2102,1,1.0228,0.4791,0.9451,0.0004,0.46,1.016,1.023,1066,0.5631,0.5542,IAB19 - Technology & Computing,,technology,mass_reach,global,GLOBAL,en,medium,false,long-tail
rp,mydramalist.com,,Web,Mobile,DISPLAY,320x100,2263,1192,2144,0,1.1602,0.556,0.9474,0.0,0.513,0.973,0.0,1258,0.5622,0.5778,IAB1 - Arts & Entertainment,,entertainment,young_adults,global,GLOBAL,en,low,false,long-tail
rp,letterboxd.com,,Web,Desktop,DISPLAY,160x600,1927,825,1822,1,0.2107,0.4528,0.9455,0.0005,0.109,0.255,0.211,873,0.5601,2.1963,IAB1 - Arts & Entertainment,,social,young_adults,global,GLOBAL,en,low,false,mid-tier
pubmatic,onet.pl,,Web,Mobile,DISPLAY,300x250,3497,1406,3410,2,2.8952,0.4123,0.9751,0.0006,0.828,2.059,1.448,1442,0.5587,0.2713,IAB12 - News / Current Events,IAB1 - Arts & Entertainment,news,mass_reach,national,PL,pl,low,false,premium
index,mynet.com,,Web,Mobile,DISPLAY,300x250,6426,3071,6173,1,0.7073,0.4975,0.9606,0.0002,0.11,0.23,0.707,3197,0.5569,2.4214,IAB12 - News / Current Events,IAB1 - Arts & Entertainment,news,mass_reach,national,TR,tr,medium,false,mid-tier
index,wp.pl,,Web,Mobile,DISPLAY,300x250,1652,840,1604,0,1.2261,0.522,0.9709,0.0,0.7425,1.5849,0.0,862,0.5523,0.3485,IAB12 - News / Current Events,IAB1 - Arts & Entertainment,news,mass_reach,national,PL,pl,low,false,premium
sas,tumblr.com,,Web,Mobile,DISPLAY,300x600,9535,2316,8942,13,3.242,0.259,0.9378,0.0014,0.34,1.4,0.249,2470,0.5508,0.3935,IAB14 - Society & Culture,IAB1 - Arts & Entertainment,social,young_adults,global,GLOBAL,en,medium,false,mid-tier
sharethrough,tumblr.com,,Web,Desktop,DISPLAY,300x600,16545,7634,15794,3,11.3455,0.4833,0.9546,0.0002,0.686,1.486,3.782,7996,0.548,0.3688,IAB14 - Society & Culture,IAB1 - Arts & Entertainment,social,young_adults,global,GLOBAL,en,medium,false,mid-tier
rp,onet.pl,,Web,Mobile,DISPLAY,300x250,5755,2222,5620,3,2.3062,0.3952,0.9765,0.0006,0.4004,1.038,0.6549,2275,0.5472,0.5272,IAB12 - News / Current Events,IAB1 - Arts & Entertainment,news,mass_reach,national,PL,pl,low,false,premium
rp,kurir.rs,,Web,Desktop,DISPLAY,300x600,1354,484,1326,1,0.4711,0.3649,0.9794,0.0007,0.3478,0.9752,0.4686,494,0.5461,0.56,IAB12 - News / Current Events,,news,mass_reach,national,RS,sr,medium,false,mid-tier
adx,boop.pl,,Web,Mobile,DISPLAY,300x250,2508,1238,2441,0,0.5662,0.5072,0.9733,0.0,0.226,0.457,0.0,1272,0.5456,1.1939,IAB9 - Hobbies & Interests,IAB1 - Arts & Entertainment,gaming,young_adults,national,PL,pl,medium,false,mid-tier
rp,uol.com.br,,Web,Mobile,DISPLAY,300x250,2255,244,2166,7,2.2274,0.1127,0.9605,0.0031,0.988,9.129,0.318,254,0.5445,0.0596,IAB12 - News / Current Events,IAB1 - Arts & Entertainment,news,mass_reach,national,BR,pt,low,false,premium
rp,ezgif.com,,Web,Desktop,DISPLAY,728x90,6486,2559,6263,3,4.5963,0.4086,0.9656,0.0005,0.709,1.796,1.532,2650,0.544,0.3029,IAB19 - Technology & Computing,,technology,mass_reach,global,GLOBAL,en,medium,false,long-tail
pubmatic,dnevnik.hr,,Web,Mobile,DISPLAY,300x600,2067,405,2046,3,0.8467,0.198,0.9898,0.0014,0.4097,2.1363,0.2281,409,0.5392,0.2524,IAB12 - News / Current Events,,news,mass_reach,national,HR,hr,low,false,mid-tier
index,yahoo.com,,Web,Desktop,DISPLAY,300x600,3883,1856,3770,0,3.5217,0.4922,0.9709,0.0,0.9073,1.9106,0.0,1911,0.5374,0.2812,IAB12 - News / Current Events,IAB13 - Personal Finance,news,mass_reach,global,GLOBAL,en,low,false,premium
index,huffpost.com,,Web,Mobile,DISPLAY,300x250,1125,520,1091,0,2.0904,0.4763,0.9698,0.0,1.8579,4.0099,0.0,536,0.5291,0.1319,IAB12 - News / Current Events,IAB14 - Society & Culture,news,young_adults,global,US;GLOBAL,en,medium,false,mid-tier
rp,hoerzu.de,,Web,Mobile,DISPLAY,320x100,1566,726,1385,0,0.4829,0.5242,0.8844,0.0,0.308,0.665,0.0,821,0.5274,0.7931,IAB1 - Arts & Entertainment,IAB12 - News / Current Events,entertainment,mass_reach,national,DE,de,low,false,mid-tier
pubmatic,mirror.co.uk,,Web,Mobile,DISPLAY,320x100,5214,2178,5041,1,2.9196,0.4321,0.9668,0.0002,0.56,1.34,2.92,2253,0.5261,0.3926,IAB12 - News / Current Events,IAB1 - Arts & Entertainment,news,mass_reach,national,GB,en,medium,false,mid-tier
pubmatic,mirror.co.uk,,Web,Desktop,DISPLAY,300x600,3045,1190,2988,1,2.0701,0.3983,0.9813,0.0003,0.68,1.74,2.07,1213,0.5235,0.3009,IAB12 - News / Current Events,IAB1 - Arts & Entertainment,news,mass_reach,national,GB,en,medium,false,mid-tier
index,huffpost.com,,Web,Mobile,DISPLAY,320x50,1529,674,1484,0,0.9023,0.4542,0.9706,0.0,0.59,1.339,0.0,694,0.5183,0.3871,IAB12 - News / Current Events,IAB14 - Society & Culture,news,young_adults,global,US;GLOBAL,en,medium,false,mid-tier
pubmatic,yahoo.com,,Web,Mobile,DISPLAY,300x250,23869,9003,22929,8,26.033,0.3927,0.9606,0.0003,1.0908,2.8896,3.3168,9372,0.517,0.1789,IAB12 - News / Current Events,IAB13 - Personal Finance,news,mass_reach,global,GLOBAL,en,low,false,premium
adxapac,goodreads.com,,Web,Mobile,DISPLAY,320x100,1072,473,997,0,0.2142,0.4744,0.93,0.0,0.2,0.453,0.0,509,0.5162,1.1395,IAB9 - Hobbies & Interests,IAB1 - Arts & Entertainment,social,mass_reach,global,GLOBAL,en,low,false,premium
rp,mydramalist.com,,Web,Desktop,DISPLAY,300x250,1898,651,1804,1,1.1842,0.3609,0.9505,0.0005,0.624,1.819,1.184,685,0.5156,0.2835,IAB1 - Arts & Entertainment,,entertainment,young_adults,global,GLOBAL,en,low,false,long-tail
pubmatic,mumsnet.com,,Web,Mobile,DISPLAY,300x250,6293,2285,6157,2,2.7576,0.3711,0.9784,0.0003,0.438,1.207,1.379,2335,0.5091,0.4218,IAB6 - Family & Parenting,IAB14 - Society & Culture,parenting,parents,national,GB,en,medium,false,mid-tier
rp,express.co.uk,,Web,Desktop,DISPLAY,160x600,1275,534,1252,0,2.8452,0.4265,0.982,0.0,2.232,5.328,0.0,544,0.5078,0.0953,IAB12 - News / Current Events,,news,mass_reach,national,GB,en,medium,false,mid-tier
rp,mynet.com,,Web,Mobile,DISPLAY,300x250,1070,449,1007,0,0.154,0.4459,0.9411,0.0,0.144,0.343,0.0,477,0.5053,1.4731,IAB12 - News / Current Events,IAB1 - Arts & Entertainment,news,mass_reach,national,TR,tr,medium,false,mid-tier
index,ok.co.uk,,Web,Mobile,DISPLAY,300x250,2549,485,2347,3,0.6897,0.2066,0.9208,0.0012,0.271,1.422,0.23,527,0.4995,0.3513,IAB1 - Arts & Entertainment,IAB18 - Style & Fashion,entertainment,young_adults,national,GB,en,medium,false,mid-tier
rp,urbandictionary.com,,Web,Mobile,DISPLAY,300x250,21875,8762,21257,0,8.4906,0.4122,0.9717,0.0,0.388,0.969,0.0,9017,0.4976,0.5135,IAB14 - Society & Culture,,other,young_adults,global,GLOBAL,en,high,false,long-tail
rp,urbandictionary.com,,Web,Mobile,DISPLAY,728x90,40296,15912,39476,0,26.9432,0.4031,0.9797,0.0,0.669,1.693,0.0,16243,0.4955,0.2927,IAB14 - Society & Culture,,other,young_adults,global,GLOBAL,en,high,false,long-tail
sharethrough,tumblr.com,,Web,Mobile,DISPLAY,300x600,21829,4975,20451,20,9.9419,0.2433,0.9369,0.0009,0.455,1.998,0.497,5311,0.4927,0.2466,IAB14 - Society & Culture,IAB1 - Arts & Entertainment,social,young_adults,global,GLOBAL,en,medium,false,mid-tier
rp,pep.ph,,Web,Mobile,DISPLAY,300x250,3493,1011,3108,2,0.259,0.3253,0.8898,0.0006,0.074,0.256,0.129,1136,0.4896,1.9125,IAB1 - Arts & Entertainment,IAB12 - News / Current Events,entertainment,mass_reach,national,PH,en,low,false,mid-tier
pubmatic,mumsnet.com,,Web,Mobile,DISPLAY,300x600,3370,1128,3051,1,2.2367,0.3697,0.9053,0.0003,0.664,1.983,2.237,1246,0.4864,0.2453,IAB6 - Family & Parenting,IAB14 - Society & Culture,parenting,parents,national,GB,en,medium,false,mid-tier
index,urbandictionary.com,,Web,Mobile,DISPLAY,300x250,2895,1084,2823,0,0.9483,0.384,0.9751,0.0,0.328,0.875,0.0,1112,0.4845,0.5537,IAB14 - Society & Culture,,other,young_adults,global,GLOBAL,en,high,false,long-tail
pubmatic,mirror.co.uk,,Web,Mobile,DISPLAY,728x90,2383,722,2265,1,1.9819,0.3188,0.9505,0.0004,0.832,2.745,1.982,760,0.4845,0.1765,IAB12 - News / Current Events,IAB1 - Arts & Entertainment,news,mass_reach,national,GB,en,medium,false,mid-tier
rp,express.co.uk,,Web,Desktop,DISPLAY,300x50,1237,464,1202,0,1.5881,0.386,0.9717,0.0,1.284,3.423,0.0,477,0.4845,0.1415,IAB12 - News / Current Events,,news,mass_reach,national,GB,en,medium,false,mid-tier
rp,vecernji.hr,,Web,Mobile,DISPLAY,300x250,1509,347,1474,1,0.9403,0.2354,0.9768,0.0007,0.623,2.71,0.94,355,0.4807,0.1774,IAB12 - News / Current Events,,news,mass_reach,national,HR,hr,low,false,mid-tier
pubmatic,uol.com.br,,Web,Mobile,DISPLAY,300x250,3313,949,3184,1,0.5366,0.2981,0.9611,0.0003,0.162,0.565,0.537,988,0.4674,0.8272,IAB12 - News / Current Events,IAB1 - Arts & Entertainment,news,mass_reach,national,BR,pt,low,false,premium
rp,urbandictionary.com,,Web,Desktop,DISPLAY,300x250,6896,2280,6764,0,3.0264,0.3371,0.9809,0.0,0.439,1.327,0.0,2325,0.4628,0.3488,IAB14 - Society & Culture,,other,young_adults,global,GLOBAL,en,high,false,long-tail
pubmatic,mirror.co.uk,,Web,Desktop,DISPLAY,300x250,1515,476,1480,0,0.5119,0.3216,0.9769,0.0,0.338,1.075,0.0,487,0.4539,0.4222,IAB12 - News / Current Events,IAB1 - Arts & Entertainment,news,mass_reach,national,GB,en,medium,false,mid-tier
rp,mirror.co.uk,,Web,Mobile,DISPLAY,320x100,15032,4296,14108,3,7.2615,0.3045,0.9385,0.0002,0.483,1.69,2.421,4577,0.4538,0.2685,IAB12 - News / Current Events,IAB1 - Arts & Entertainment,news,mass_reach,national,GB,en,medium,false,mid-tier
rp,express.co.uk,,Web,Desktop,DISPLAY,300x250,2767,875,2677,0,3.2574,0.3269,0.9675,0.0,1.177,3.723,0.0,905,0.4537,0.1219,IAB12 - News / Current Events,,news,mass_reach,national,GB,en,medium,false,mid-tier
pubmatic,liverpoolecho.co.uk,,Web,Mobile,DISPLAY,300x250,2050,451,1838,1,2.134,0.2454,0.8966,0.0005,1.041,4.732,2.134,503,0.4417,0.0933,IAB12 - News / Current Events,IAB17 - Sports,news,mass_reach,local,GB,en,low,false,mid-tier
rp,huffpost.com,,Web,Mobile,DISPLAY,300x250,1938,559,1881,0,1.3525,0.2972,0.9706,0.0,0.698,2.42,0.0,576,0.4398,0.1817,IAB12 - News / Current Events,IAB14 - Society & Culture,news,young_adults,global,US;GLOBAL,en,medium,false,mid-tier
rp,mirror.co.uk,,Web,Desktop,DISPLAY,300x50,1026,282,1008,0,0.6928,0.2798,0.9825,0.0,0.675,2.457,0.0,287,0.4346,0.1769,IAB12 - News / Current Events,IAB1 - Arts & Entertainment,news,mass_reach,national,GB,en,medium,false,mid-tier
medianet,pixiv.net,,Web,Mobile,DISPLAY,300x250,1415,407,1313,0,0.2449,0.31,0.9279,0.0,0.173,0.602,0.0,439,0.4334,0.7199,IAB1 - Arts & Entertainment,IAB9 - Hobbies & Interests,social,young_adults,global,JP;GLOBAL,ja,medium,false,mid-tier
pubmatic,mydramalist.com,,Web,Mobile,DISPLAY,970x250,1081,295,1020,0,0.6935,0.2892,0.9436,0.0,0.642,2.351,0.0,313,0.4277,0.1819,IAB1 - Arts & Entertainment,,entertainment,young_adults,global,GLOBAL,en,low,false,long-tail
pubmatic,walesonline.co.uk,,Web,Mobile,DISPLAY,300x250,1256,165,1107,1,1.3547,0.1491,0.8814,0.0008,1.079,8.21,1.355,187,0.419,0.051,IAB12 - News / Current Events,,news,mass_reach,local,GB,en,low,false,mid-tier
medianet,dailymail.co.uk,,Web,Mobile,DISPLAY,320x100,1551,219,1446,1,1.4355,0.1515,0.9323,0.0006,0.926,6.555,1.436,235,0.4154,0.0634,IAB12 - News / Current Events,IAB1 - Arts & Entertainment,news,mass_reach,national,GB,en,medium,false,premium
pubmatic,walesonline.co.uk,,Web,Mobile,DISPLAY,320x100,1366,355,1189,0,1.2835,0.2986,0.8704,0.0,0.94,3.616,0.0,408,0.4104,0.1135,IAB12 - News / Current Events,,news,mass_reach,local,GB,en,low,false,mid-tier
rp,hln.be,,Web,Desktop,DISPLAY,300x600,2390,546,2285,0,0.2153,0.2389,0.9561,0.0,0.09,0.394,0.0,571,0.4063,1.0312,IAB12 - News / Current Events,,news,mass_reach,national,BE,nl,low,false,premium
pubmatic,mydramalist.com,,Web,Mobile,DISPLAY,300x250,3659,691,3303,1,0.675,0.2092,0.9027,0.0003,0.184,0.977,0.675,765,0.4054,0.415,IAB1 - Arts & Entertainment,,entertainment,young_adults,global,GLOBAL,en,low,false,long-tail
rp,mirror.co.uk,,Web,Mobile,DISPLAY,320x50,1340,305,1262,0,0.8992,0.2417,0.9418,0.0,0.671,2.948,0.0,324,0.4034,0.1368,IAB12 - News / Current Events,IAB1 - Arts & Entertainment,news,mass_reach,national,GB,en,medium,false,mid-tier
rp,mydramalist.com,,Web,Mobile,DISPLAY,300x250,3868,901,3559,0,1.7796,0.2532,0.9201,0.0,0.46,1.975,0.0,979,0.4026,0.2039,IAB1 - Arts & Entertainment,,entertainment,young_adults,global,GLOBAL,en,low,false,long-tail
adxapac,asianwiki.com,,Web,Mobile,DISPLAY,728x90,3295,740,2977,0,0.3542,0.2486,0.9035,0.0,0.107,0.479,0.0,819,0.3953,0.8254,IAB1 - Arts & Entertainment,,entertainment,young_adults,global,GLOBAL,en,low,false,long-tail
rp,express.co.uk,,Web,Mobile,DISPLAY,300x250,5945,690,5022,4,3.568,0.1374,0.8447,0.0007,0.6,5.171,0.892,817,0.3921,0.0758,IAB12 - News / Current Events,,news,mass_reach,national,GB,en,medium,false,mid-tier
rp,ladbible.com,,Web,Mobile,DISPLAY,300x250,4156,772,4083,0,1.7834,0.1891,0.9824,0.0,0.429,2.31,0.0,786,0.3893,0.1685,IAB1 - Arts & Entertainment,IAB12 - News / Current Events,entertainment,young_adults,global,GB;GLOBAL,en,medium,false,mid-tier
pubmatic,ladbible.com,,Web,Mobile,DISPLAY,300x250,1462,264,1430,0,0.3888,0.1846,0.9781,0.0,0.266,1.473,0.0,270,0.3857,0.2619,IAB1 - Arts & Entertainment,IAB12 - News / Current Events,entertainment,young_adults,global,GB;GLOBAL,en,medium,false,mid-tier
pubmatic,vecernji.hr,,Web,Mobile,DISPLAY,300x250,1566,250,1536,0,0.6397,0.1628,0.9808,0.0,0.409,2.559,0.0,255,0.3756,0.1468,IAB12 - News / Current Events,,news,mass_reach,national,HR,hr,low,false,mid-tier
rp,mirror.co.uk,,Web,Mobile,DISPLAY,300x250,14164,2125,13344,2,7.6053,0.1592,0.9421,0.0001,0.537,3.579,3.803,2255,0.3722,0.104,IAB12 - News / Current Events,IAB1 - Arts & Entertainment,news,mass_reach,national,GB,en,medium,false,mid-tier
medianet,usatoday.com,,Web,Mobile,DISPLAY,300x250,1600,17,1538,0,1.3944,0.0111,0.9613,0.0,0.8711,72.2921,0.0,18,0.2939,0.0041,IAB12 - News / Current Events,IAB17 - Sports,news,mass_reach,national,US,en,low,false,premium
